wavelength (nm),0.6
427.560390000000040800,-0.028212940347778742
427.562700000000006639,-0.027097893103264412
427.565010000000029322,-0.024589036803107162
427.567319999999995161,-0.020686371447306999
427.569630000000017844,-0.018177515147149752
427.571940000000040527,-0.017759372430456877
427.574250000000006366,-0.007166423607570718
427.576560000000029049,0.000778288009593900
427.578869999999994889,0.000220764387336734
427.581180000000017571,-0.008560232663213634
427.583490000000040254,-0.015808039752556794
427.585800000000006094,-0.019431943297228374
427.588110000000028776,-0.025146560425364329
427.590419999999994616,-0.030721796647935992
427.592730000000017299,-0.036993937398329110
427.595040000000039981,-0.028491702158907325
427.597350000000005821,-0.032115605703578909
427.599660000000028504,-0.035042604720429027
427.601969999999994343,-0.037133318303893402
427.604280000000017026,-0.036018271059379069
427.606590000000039709,-0.032951891136964659
427.608900000000005548,-0.030721796647935992
427.611210000000028231,-0.024728417708671454
427.613519999999994070,-0.030024892120114534
427.615830000000016753,-0.026540369481007246
427.618140000000039436,-0.024031513180849996
427.620450000000005275,-0.019571324202792666
427.622760000000027958,-0.014832373413606754
427.625069999999993797,-0.014135468885785296
427.627380000000016480,-0.005075710024106345
427.629690000000039163,-0.002148711007256222
427.632000000000005002,-0.004936329118542053
427.634310000000027685,-0.008281470852085051
427.636619999999993524,-0.017759372430456877
427.638930000000016207,-0.021104514163999874
427.641240000000038890,-0.029606749403421659
427.643550000000004729,-0.035878890153814777
427.645860000000027412,-0.044381125393236562
427.648169999999993252,-0.034485081098171860
427.650480000000015934,-0.033091272042528951
427.652790000000038617,-0.038387746453972027
427.655100000000004457,-0.036854556492764819
427.657410000000027139,-0.038666508265100610
427.659719999999992979,-0.029188606686728784
427.662030000000015661,-0.031558082081321742
427.664340000000038344,-0.031697462986886034
427.666650000000004184,-0.036854556492764819
427.668960000000026866,-0.030303653931243117
427.671269999999992706,-0.040060317320743527
427.673580000000015389,-0.033648795664786117
427.675890000000038071,-0.030024892120114534
427.678200000000003911,-0.031558082081321742
427.680510000000026594,-0.037412080115021985
427.682819999999992433,-0.034485081098171860
427.685130000000015116,-0.038666508265100610
427.687440000000037799,-0.035739509248250485
427.689750000000003638,-0.031976224798014617
427.692060000000026321,-0.033091272042528951
427.694369999999992160,-0.033370033853657534
427.696680000000014843,-0.019571324202792666
427.698990000000037526,-0.010790327152242299
427.701300000000003365,-0.011626612585628048
427.703610000000026048,-0.016365563374813961
427.705919999999991887,-0.018316896052714044
427.708230000000014570,-0.020965133258435582
427.710540000000037253,-0.021243895069564166
427.712850000000003092,-0.019571324202792666
427.715160000000025775,-0.026400988575442954
427.717469999999991614,-0.030024892120114534
427.719780000000014297,-0.035739509248250485
427.722090000000036980,-0.032394367514707492
427.724400000000002819,-0.036157651964943360
427.726710000000025502,-0.036157651964943360
427.729019999999991342,-0.032533748420271784
427.731330000000014024,-0.039084650981793485
427.733640000000036707,-0.037272699209457694
427.735950000000002547,-0.037133318303893402
427.738260000000025229,-0.031836843892450326
427.740569999999991069,-0.029049225781164492
427.742880000000013752,-0.024589036803107162
427.745190000000036434,-0.024449655897542871
427.747500000000002274,-0.022080180502949916
427.749810000000024957,-0.022219561408514207
427.752119999999990796,-0.031000558459064576
427.754430000000013479,-0.026540369481007246
427.756740000000036162,-0.034903223814864735
427.759050000000002001,-0.038387746453972027
427.761360000000024684,-0.033509414759221826
427.763669999999990523,-0.033509414759221826
427.765980000000013206,-0.033509414759221826
427.768290000000035889,-0.033370033853657534
427.770600000000001728,-0.030721796647935992
427.772910000000024411,-0.024031513180849996
427.775219999999990250,-0.023334608653028537
427.777530000000012933,-0.008420851757649343
427.779840000000035616,-0.019710705108356957
427.782150000000001455,-0.021243895069564166
427.784460000000024138,-0.027655416725521575
427.786770000000046821,-0.030721796647935992
427.789080000000012660,-0.037133318303893402
427.791390000000035343,-0.031558082081321742
427.793700000000001182,-0.025285941330928621
427.796010000000023865,-0.028491702158907325
427.798320000000046548,-0.022219561408514207
427.800630000000012387,-0.020825752352871291
427.802940000000035070,-0.033927557475914694
427.805250000000000909,-0.034345700192607569
427.807560000000023592,-0.031139939364628867
427.809870000000046275,-0.030443034836807409
427.812180000000012114,-0.029606749403421659
427.814490000000034797,-0.035460747437121902
427.816800000000000637,-0.021801418691821332
427.819110000000023319,-0.009814660813292258
427.821420000000046002,-0.023055846841899957
427.823730000000011842,-0.024310274991978579
427.826040000000034524,-0.021662037786257041
427.828350000000000364,-0.015111135224735337
427.830660000000023047,-0.018316896052714044
427.832970000000045729,-0.018595657863842627
427.835280000000011569,-0.007027042702006427
427.837590000000034252,-0.009257137191035091
427.839900000000000091,-0.019850086013921249
427.842210000000022774,-0.024589036803107162
427.844520000000045457,-0.023195227747464246
427.846830000000011296,-0.030303653931243117
427.849140000000033979,-0.035878890153814777
427.851449999999999818,-0.035042604720429027
427.853760000000022501,-0.034763842909300444
427.856070000000045184,-0.033370033853657534
427.858380000000011023,-0.038248365548407735
427.860690000000033706,-0.031418701175757451
427.862999999999999545,-0.033509414759221826
427.865310000000022228,-0.028631083064471617
427.867620000000044911,-0.035739509248250485
427.869930000000010750,-0.033370033853657534
427.872240000000033433,-0.025982845858750079
427.874549999999999272,-0.039363412792922069
427.876860000000021955,-0.038248365548407735
427.879170000000044638,-0.033091272042528951
427.881480000000010477,-0.033370033853657534
427.883790000000033160,-0.030582415742371701
427.886099999999999000,-0.028770463970035909
427.888410000000021682,-0.035460747437121902
427.890720000000044365,-0.033091272042528951
427.893030000000010205,-0.035460747437121902
427.895340000000032887,-0.035181985625993319
427.897649999999998727,-0.035321366531557610
427.899960000000021410,-0.041593507281950735
427.902270000000044092,-0.032812510231400367
427.904580000000009932,-0.030582415742371701
427.906890000000032614,-0.034763842909300444
427.909199999999998454,-0.033788176570350409
427.911510000000021137,-0.033648795664786117
427.913820000000043819,-0.031000558459064576
427.916130000000009659,-0.031418701175757451
427.918440000000032342,-0.036715175587200527
427.920749999999998181,-0.035042604720429027
427.923060000000020864,-0.027655416725521575
427.925370000000043547,-0.034624462003736152
427.927680000000009386,-0.029885511214550242
427.929990000000032069,-0.035739509248250485
427.932299999999997908,-0.031279320270193159
427.934610000000020591,-0.039502793698486360
427.936920000000043274,-0.029606749403421659
427.939230000000009113,-0.026679750386571537
427.941540000000031796,-0.028770463970035909
427.943849999999997635,-0.031279320270193159
427.946160000000020318,-0.026819131292135829
427.948470000000043001,-0.027794797631085867
427.950780000000008840,-0.028770463970035909
427.953090000000031523,-0.032673129325836076
427.955399999999997362,-0.031000558459064576
427.957710000000020045,-0.030443034836807409
427.960020000000042728,-0.032673129325836076
427.962330000000008567,-0.033927557475914694
427.964640000000031250,-0.035042604720429027
427.966949999999997090,-0.029327987592293076
427.969260000000019772,-0.030582415742371701
427.971570000000042455,-0.034345700192607569
427.973880000000008295,-0.034903223814864735
427.976190000000030977,-0.034206319287043277
427.978499999999996817,-0.033091272042528951
427.980810000000019500,-0.031279320270193159
427.983120000000042182,-0.041593507281950735
427.985430000000008022,-0.029188606686728784
427.987740000000030705,-0.038248365548407735
427.990049999999996544,-0.043544839959850812
427.992360000000019227,-0.033370033853657534
427.994670000000041910,-0.035460747437121902
427.996980000000007749,-0.027655416725521575
427.999290000000030432,-0.030303653931243117
428.001599999999996271,-0.039502793698486360
428.003910000000018954,-0.032394367514707492
428.006220000000041637,-0.033788176570350409
428.008530000000007476,-0.033788176570350409
428.010840000000030159,-0.033509414759221826
428.013149999999995998,-0.035739509248250485
428.015460000000018681,-0.039920936415179235
428.017770000000041364,-0.036018271059379069
428.020080000000007203,-0.032254986609143201
428.022390000000029886,-0.032254986609143201
428.024699999999995725,-0.032951891136964659
428.027010000000018408,-0.039224031887357777
428.029320000000041091,-0.031279320270193159
428.031630000000006930,-0.031558082081321742
428.033940000000029613,-0.034624462003736152
428.036249999999995453,-0.028212940347778742
428.038560000000018135,-0.035042604720429027
428.040870000000040818,-0.037551461020586277
428.043180000000006658,-0.025982845858750079
428.045490000000029340,-0.029049225781164492
428.047799999999995180,-0.032951891136964659
428.050110000000017862,-0.025425322236492912
428.052420000000040545,-0.035181985625993319
428.054730000000006385,-0.031139939364628867
428.057040000000029067,-0.033509414759221826
428.059349999999994907,-0.031558082081321742
428.061660000000017590,-0.031697462986886034
428.063970000000040272,-0.026540369481007246
428.066280000000006112,-0.028631083064471617
428.068590000000028795,-0.026679750386571537
428.070899999999994634,-0.036018271059379069
428.073210000000017317,-0.029049225781164492
428.075520000000040000,-0.027097893103264412
428.077830000000005839,-0.035600128342686194
428.080140000000028522,-0.025982845858750079
428.082449999999994361,-0.035042604720429027
428.084760000000017044,-0.030303653931243117
428.087070000000039727,-0.032254986609143201
428.089380000000005566,-0.030861177553500284
428.091690000000028249,-0.030721796647935992
428.093999999999994088,-0.035878890153814777
428.096310000000016771,-0.032812510231400367
428.098620000000039454,-0.032812510231400367
428.100930000000005293,-0.030164273025678826
428.103240000000027976,-0.028631083064471617
428.105549999999993815,-0.032812510231400367
428.107860000000016498,-0.028770463970035909
428.110170000000039181,-0.033370033853657534
428.112480000000005020,-0.030164273025678826
428.114790000000027703,-0.029049225781164492
428.117099999999993543,-0.033230652948093242
428.119410000000016225,-0.035460747437121902
428.121720000000038908,-0.029467368497857367
428.124030000000004748,-0.029606749403421659
428.126340000000027430,-0.030721796647935992
428.128649999999993270,-0.029606749403421659
428.130960000000015953,-0.030721796647935992
428.133270000000038635,-0.025704084047621496
428.135580000000004475,-0.026679750386571537
428.137890000000027158,-0.024589036803107162
428.140199999999992997,-0.026679750386571537
428.142510000000015680,-0.024589036803107162
428.144820000000038362,-0.028491702158907325
428.147130000000004202,-0.032951891136964659
428.149440000000026885,-0.034206319287043277
428.151749999999992724,-0.035460747437121902
428.154060000000015407,-0.035042604720429027
428.156370000000038090,-0.031558082081321742
428.158680000000003929,-0.027237274008828704
428.160990000000026612,-0.031976224798014617
428.163299999999992451,-0.027655416725521575
428.165610000000015134,-0.030024892120114534
428.167920000000037817,-0.025843464953185787
428.170230000000003656,-0.033230652948093242
428.172540000000026339,-0.026261607669878662
428.174849999999992178,-0.032812510231400367
428.177160000000014861,-0.026261607669878662
428.179470000000037544,-0.026819131292135829
428.181780000000003383,-0.029327987592293076
428.184090000000026066,-0.031139939364628867
428.186399999999991905,-0.027237274008828704
428.188710000000014588,-0.032533748420271784
428.191020000000037271,-0.032254986609143201
428.193330000000003110,-0.027516035819957284
428.195640000000025793,-0.029467368497857367
428.197949999999991633,-0.029606749403421659
428.200260000000014315,-0.033091272042528951
428.202570000000036998,-0.034763842909300444
428.204880000000002838,-0.021940799597385624
428.207190000000025520,-0.020268228730614124
428.209499999999991360,-0.024031513180849996
428.211810000000014043,-0.025843464953185787
428.214120000000036725,-0.027097893103264412
428.216430000000002565,-0.026958512197700121
428.218740000000025248,-0.034485081098171860
428.221049999999991087,-0.025704084047621496
428.223360000000013770,-0.028770463970035909
428.225670000000036453,-0.021662037786257041
428.227980000000002292,-0.025843464953185787
428.230290000000024975,-0.019571324202792666
428.232599999999990814,-0.026540369481007246
428.234910000000013497,-0.025425322236492912
428.237220000000036180,-0.027794797631085867
428.239530000000002019,-0.024310274991978579
428.241840000000024702,-0.022777085030771374
428.244149999999990541,-0.014832373413606754
428.246460000000013224,-0.013856707074656712
428.248770000000035907,-0.009954041718856549
428.251080000000001746,-0.003821281874027721
428.253390000000024429,-0.001173044668306181
428.255700000000047112,-0.010232803529985133
428.258010000000012951,-0.010372184435549424
428.260320000000035634,-0.005911995457492094
428.262630000000001473,-0.016365563374813961
428.264940000000024156,-0.026540369481007246
428.267250000000046839,-0.027794797631085867
428.269560000000012678,-0.021940799597385624
428.271870000000035361,-0.024031513180849996
428.274180000000001201,-0.023334608653028537
428.276490000000023883,-0.026540369481007246
428.278800000000046566,-0.025564703142057204
428.281110000000012406,-0.028352321253343034
428.283420000000035088,-0.024589036803107162
428.285730000000000928,-0.015250516130299629
428.288040000000023610,-0.028073559442214450
428.290350000000046293,-0.023613370464157121
428.292660000000012133,-0.028770463970035909
428.294970000000034815,-0.024449655897542871
428.297280000000000655,-0.025007179519800037
428.299590000000023338,-0.016923086997071127
428.301900000000046020,-0.019571324202792666
428.304210000000011860,-0.026400988575442954
428.306520000000034543,-0.023195227747464246
428.308830000000000382,-0.010929708057806591
428.311140000000023065,-0.028352321253343034
428.313450000000045748,-0.017898753336021169
428.315760000000011587,-0.021104514163999874
428.318070000000034270,-0.018316896052714044
428.320380000000000109,-0.022080180502949916
428.322690000000022792,-0.016783706091506836
428.325000000000045475,-0.019153181486099791
428.327310000000011314,-0.031279320270193159
428.329620000000033997,-0.026679750386571537
428.331929999999999836,-0.021243895069564166
428.334240000000022519,-0.023334608653028537
428.336550000000045202,-0.024867798614235746
428.338860000000011041,-0.019850086013921249
428.341170000000033724,-0.022637704125207082
428.343479999999999563,-0.022219561408514207
428.345790000000022246,-0.026540369481007246
428.348100000000044929,-0.022777085030771374
428.350410000000010768,-0.027097893103264412
428.352720000000033451,-0.023473989558592829
428.355029999999999291,-0.033370033853657534
428.357340000000021973,-0.032812510231400367
428.359650000000044656,-0.025007179519800037
428.361960000000010496,-0.028352321253343034
428.364270000000033178,-0.028352321253343034
428.366579999999999018,-0.026400988575442954
428.368890000000021701,-0.031000558459064576
428.371200000000044383,-0.025425322236492912
428.373510000000010223,-0.027237274008828704
428.375820000000032906,-0.020407609636178416
428.378129999999998745,-0.026261607669878662
428.380440000000021428,-0.022498323219642791
428.382750000000044110,-0.022498323219642791
428.385060000000009950,-0.022219561408514207
428.387370000000032633,-0.012741659830142381
428.389679999999998472,-0.014692992508042462
428.391990000000021155,-0.016644325185942544
428.394300000000043838,-0.016504944280378252
428.396610000000009677,-0.018874419674971211
428.398920000000032360,-0.019710705108356957
428.401229999999998199,-0.019710705108356957
428.403540000000020882,-0.016923086997071127
428.405850000000043565,-0.019571324202792666
428.408160000000009404,-0.025982845858750079
428.410470000000032087,-0.030024892120114534
428.412779999999997926,-0.013438564357963839
428.415090000000020609,-0.027934178536650159
428.417400000000043292,-0.027237274008828704
428.419710000000009131,-0.023613370464157121
428.422020000000031814,-0.023195227747464246
428.424329999999997654,-0.021522656880692749
428.426640000000020336,-0.030303653931243117
428.428950000000043019,-0.024867798614235746
428.431260000000008858,-0.027794797631085867
428.433570000000031541,-0.030024892120114534
428.435879999999997381,-0.021662037786257041
428.438190000000020063,-0.024589036803107162
428.440500000000042746,-0.024031513180849996
428.442810000000008586,-0.026122226764314371
428.445120000000031268,-0.021940799597385624
428.447429999999997108,-0.020407609636178416
428.449740000000019791,-0.020686371447306999
428.452050000000042473,-0.024449655897542871
428.454360000000008313,-0.023473989558592829
428.456670000000030996,-0.019850086013921249
428.458979999999996835,-0.019571324202792666
428.461290000000019518,-0.020546990541742707
428.463600000000042201,-0.013438564357963839
428.465910000000008040,-0.024449655897542871
428.468220000000030723,-0.021801418691821332
428.470529999999996562,-0.019431943297228374
428.472840000000019245,-0.020407609636178416
428.475150000000041928,-0.025146560425364329
428.477460000000007767,-0.022637704125207082
428.479770000000030450,-0.030861177553500284
428.482079999999996289,-0.030024892120114534
428.484390000000018972,-0.023055846841899957
428.486700000000041655,-0.034206319287043277
428.489010000000007494,-0.030582415742371701
428.491320000000030177,-0.030303653931243117
428.493629999999996016,-0.026400988575442954
428.495940000000018699,-0.028352321253343034
428.498250000000041382,-0.014274849791349587
428.500560000000007221,-0.010929708057806591
428.502870000000029904,0.003705287026444023
428.505179999999995744,-0.002148711007256222
428.507490000000018426,0.011231855926915767
428.509800000000041109,0.016946473055051720
428.512110000000006949,-0.002009330101691931
428.514420000000029631,-0.000754901951613307
428.516729999999995471,-0.007027042702006427
428.519040000000018154,-0.017759372430456877
428.521350000000040836,-0.017759372430456877
428.523660000000006676,-0.023334608653028537
428.525970000000029358,-0.017759372430456877
428.528279999999995198,-0.029327987592293076
428.530590000000017881,-0.028491702158907325
428.532900000000040563,-0.025843464953185787
428.535210000000006403,-0.027655416725521575
428.537520000000029086,-0.025425322236492912
428.539829999999994925,-0.032951891136964659
428.542140000000017608,-0.026261607669878662
428.544450000000040291,-0.030164273025678826
428.546760000000006130,-0.018316896052714044
428.549070000000028813,-0.019571324202792666
428.551379999999994652,-0.025425322236492912
428.553690000000017335,-0.028212940347778742
428.556000000000040018,-0.027097893103264412
428.558310000000005857,-0.024867798614235746
428.560620000000028540,-0.022498323219642791
428.562929999999994379,-0.023195227747464246
428.565240000000017062,-0.026261607669878662
428.567550000000039745,-0.028073559442214450
428.569860000000005584,-0.028073559442214450
428.572170000000028267,-0.024310274991978579
428.574479999999994106,-0.024449655897542871
428.576790000000016789,-0.029327987592293076
428.579100000000039472,-0.023055846841899957
428.581410000000005311,-0.019571324202792666
428.583720000000027994,-0.024449655897542871
428.586029999999993834,-0.017480610619328294
428.588340000000016516,-0.019989466919485541
428.590650000000039199,-0.018316896052714044
428.592960000000005039,-0.024589036803107162
428.595270000000027721,-0.020128847825049832
428.597579999999993561,-0.015529277941428212
428.599890000000016244,-0.010929708057806591
428.602200000000038926,-0.022916465936335666
428.604510000000004766,-0.006469519079749261
428.606820000000027449,0.002172097065236816
428.609129999999993288,0.001475192537415358
428.611440000000015971,0.007050428759987020
428.613750000000038654,0.005517238798779813
428.616060000000004493,-0.000336759234920432
428.618370000000027176,-0.012602278924578089
428.620679999999993015,-0.017341229713764002
428.622990000000015698,-0.017619991524892586
428.625300000000038381,-0.025425322236492912
428.627610000000004220,-0.024031513180849996
428.629920000000026903,-0.024310274991978579
428.632229999999992742,-0.018177515147149752
428.634540000000015425,-0.025285941330928621
428.636850000000038108,-0.025425322236492912
428.639160000000003947,-0.028909844875600200
428.641470000000026630,-0.029049225781164492
428.643779999999992469,-0.023752751369721412
428.646090000000015152,-0.026261607669878662
428.648400000000037835,-0.024867798614235746
428.650710000000003674,-0.028352321253343034
428.653020000000026357,-0.023613370464157121
428.655329999999992197,-0.027655416725521575
428.657640000000014879,-0.018874419674971211
428.659950000000037562,-0.027934178536650159
428.662260000000003402,-0.027934178536650159
428.664570000000026084,-0.020407609636178416
428.666879999999991924,-0.022637704125207082
428.669190000000014606,-0.026122226764314371
428.671500000000037289,-0.026122226764314371
428.673810000000003129,-0.031279320270193159
428.676120000000025811,-0.027794797631085867
428.678429999999991651,-0.026679750386571537
428.680740000000014334,-0.024589036803107162
428.683050000000037016,-0.028352321253343034
428.685360000000002856,-0.025704084047621496
428.687670000000025539,-0.023195227747464246
428.689979999999991378,-0.030164273025678826
428.692290000000014061,-0.025704084047621496
428.694600000000036744,-0.025843464953185787
428.696910000000002583,-0.028770463970035909
428.699220000000025266,-0.026958512197700121
428.701529999999991105,-0.031139939364628867
428.703840000000013788,-0.016365563374813961
428.706150000000036471,-0.024449655897542871
428.708460000000002310,-0.016923086997071127
428.710770000000024993,-0.019989466919485541
428.713079999999990832,-0.020965133258435582
428.715390000000013515,-0.023473989558592829
428.717700000000036198,-0.020268228730614124
428.720010000000002037,-0.025564703142057204
428.722320000000024720,-0.029746130308985951
428.724629999999990559,-0.022777085030771374
428.726940000000013242,-0.026400988575442954
428.729250000000035925,-0.024310274991978579
428.731560000000001764,-0.023613370464157121
428.733870000000024447,-0.023334608653028537
428.736179999999990287,-0.022498323219642791
428.738490000000012969,-0.026679750386571537
428.740800000000035652,-0.028212940347778742
428.743110000000001492,-0.027655416725521575
428.745420000000024174,-0.020268228730614124
428.747730000000046857,-0.027794797631085867
428.750040000000012697,-0.023334608653028537
428.752350000000035379,-0.027934178536650159
428.754660000000001219,-0.023473989558592829
428.756970000000023902,-0.022777085030771374
428.759280000000046584,-0.027934178536650159
428.761590000000012424,-0.027237274008828704
428.763900000000035106,-0.025285941330928621
428.766210000000000946,-0.022080180502949916
428.768520000000023629,-0.027237274008828704
428.770830000000046311,-0.018874419674971211
428.773140000000012151,-0.022219561408514207
428.775450000000034834,-0.025007179519800037
428.777760000000000673,-0.029467368497857367
428.780070000000023356,-0.028352321253343034
428.782380000000046039,-0.027097893103264412
428.784690000000011878,-0.020546990541742707
428.787000000000034561,-0.031836843892450326
428.789310000000000400,-0.024728417708671454
428.791620000000023083,-0.016365563374813961
428.793930000000045766,-0.015389897035863921
428.796240000000011605,-0.027516035819957284
428.798550000000034288,-0.022498323219642791
428.800860000000000127,-0.021662037786257041
428.803170000000022810,-0.024031513180849996
428.805480000000045493,-0.021383275975128457
428.807790000000011332,-0.019153181486099791
428.810100000000034015,-0.030303653931243117
428.812409999999999854,-0.023613370464157121
428.814720000000022537,-0.029467368497857367
428.817030000000045220,-0.026819131292135829
428.819340000000011059,-0.027655416725521575
428.821650000000033742,-0.034066938381478985
428.823959999999999582,-0.029049225781164492
428.826270000000022264,-0.021383275975128457
428.828580000000044947,-0.027237274008828704
428.830890000000010787,-0.033648795664786117
428.833200000000033469,-0.020128847825049832
428.835509999999999309,-0.030443034836807409
428.837820000000021992,-0.027655416725521575
428.840130000000044674,-0.021801418691821332
428.842440000000010514,-0.032533748420271784
428.844750000000033197,-0.032394367514707492
428.847059999999999036,-0.032673129325836076
428.849370000000021719,-0.022498323219642791
428.851680000000044402,-0.031000558459064576
428.853990000000010241,-0.025982845858750079
428.856300000000032924,-0.025564703142057204
428.858609999999998763,-0.021383275975128457
428.860920000000021446,-0.024728417708671454
428.863230000000044129,-0.027655416725521575
428.865540000000009968,-0.023055846841899957
428.867850000000032651,-0.029467368497857367
428.870159999999998490,-0.022080180502949916
428.872470000000021173,-0.021801418691821332
428.874780000000043856,-0.023613370464157121
428.877090000000009695,-0.029746130308985951
428.879400000000032378,-0.016923086997071127
428.881709999999998217,-0.029606749403421659
428.884020000000020900,-0.019850086013921249
428.886330000000043583,-0.027934178536650159
428.888640000000009422,-0.021243895069564166
428.890950000000032105,-0.020128847825049832
428.893259999999997945,-0.027794797631085867
428.895570000000020627,-0.024031513180849996
428.897880000000043310,-0.023055846841899957
428.900190000000009150,-0.027794797631085867
428.902500000000031832,-0.026400988575442954
428.904809999999997672,-0.022777085030771374
428.907120000000020354,-0.019571324202792666
428.909430000000043037,-0.025425322236492912
428.911740000000008877,-0.015389897035863921
428.914050000000031559,-0.026122226764314371
428.916359999999997399,-0.022219561408514207
428.918670000000020082,-0.033509414759221826
428.920980000000042764,-0.018177515147149752
428.923290000000008604,-0.025425322236492912
428.925600000000031287,-0.019710705108356957
428.927909999999997126,-0.024867798614235746
428.930220000000019809,-0.015808039752556794
428.932530000000042492,-0.020407609636178416
428.934840000000008331,-0.019571324202792666
428.937150000000031014,-0.025285941330928621
428.939459999999996853,-0.020546990541742707
428.941770000000019536,-0.015111135224735337
428.944080000000042219,-0.016923086997071127
428.946390000000008058,-0.017062467902635419
428.948700000000030741,-0.008699613568777926
428.951009999999996580,-0.003403139157334846
428.953320000000019263,0.012346903171430099
428.955630000000041946,0.022521709277623383
428.957940000000007785,0.040641227000981286
428.960250000000030468,0.091654638437511995
428.962559999999996307,0.166920327442229427
428.964870000000018990,0.255845345192247442
428.967180000000041673,0.325117655257700366
428.969490000000007512,0.426029430886247451
428.971800000000030195,0.481224269489706868
428.974109999999996035,0.501992024418786320
428.976420000000018717,0.556211196683295772
428.978730000000041400,0.488193314767921493
428.981040000000007240,0.422544908247140139
428.983350000000029922,0.345327886564522624
428.985659999999995762,0.298356521389356366
428.987970000000018445,0.199117316627580782
428.990280000000041127,0.117161344155777350
428.992590000000006967,0.063081552796832224
428.994900000000029650,0.033811562628331002
428.997209999999995489,0.018061520299566054
428.999520000000018172,0.001057049820722483
429.001830000000040855,-0.010372184435549424
429.004140000000006694,-0.013159802546835256
429.006450000000029377,-0.015947420658121086
429.008759999999995216,-0.021104514163999874
429.011070000000017899,-0.026122226764314371
429.013380000000040582,-0.011487231680063756
429.015690000000006421,-0.012323517113449506
429.018000000000029104,-0.013020421641270964
429.020309999999994943,-0.021801418691821332
429.022620000000017626,-0.011765993491192339
429.024930000000040309,-0.015111135224735337
429.027240000000006148,-0.013996087980221004
429.029550000000028831,-0.019850086013921249
429.031859999999994670,-0.028770463970035909
429.034170000000017353,-0.023334608653028537
429.036480000000040036,-0.031139939364628867
429.038790000000005875,-0.028352321253343034
429.041100000000028558,-0.028631083064471617
429.043409999999994398,-0.026679750386571537
429.045720000000017080,-0.026540369481007246
429.048030000000039763,-0.020546990541742707
429.050340000000005602,-0.022219561408514207
429.052650000000028285,-0.020825752352871291
429.054959999999994125,-0.022358942314078499
429.057270000000016807,-0.014692992508042462
429.059580000000039490,-0.025425322236492912
429.061890000000005330,-0.021940799597385624
429.064200000000028012,-0.027516035819957284
429.066509999999993852,-0.022777085030771374
429.068820000000016535,-0.027934178536650159
429.071130000000039217,-0.023752751369721412
429.073440000000005057,-0.029606749403421659
429.075750000000027740,-0.030721796647935992
429.078059999999993579,-0.028631083064471617
429.080370000000016262,-0.019153181486099791
429.082680000000038945,-0.022637704125207082
429.084990000000004784,-0.025564703142057204
429.087300000000027467,-0.025704084047621496
429.089609999999993306,-0.020268228730614124
429.091920000000015989,-0.024031513180849996
429.094230000000038672,-0.028073559442214450
429.096540000000004511,-0.021662037786257041
429.098850000000027194,-0.027794797631085867
429.101159999999993033,-0.024310274991978579
429.103470000000015716,-0.024310274991978579
429.105780000000038399,-0.023473989558592829
429.108090000000004238,-0.025007179519800037
429.110400000000026921,-0.027097893103264412
429.112709999999992760,-0.023055846841899957
429.115020000000015443,-0.025982845858750079
429.117330000000038126,-0.025425322236492912
429.119640000000003965,-0.016504944280378252
429.121950000000026648,-0.019153181486099791
429.124259999999992488,-0.017062467902635419
429.126570000000015170,-0.022777085030771374
429.128880000000037853,-0.019850086013921249
429.131190000000003693,-0.020825752352871291
429.133500000000026375,-0.029049225781164492
429.135809999999992215,-0.020825752352871291
429.138120000000014898,-0.020825752352871291
429.140430000000037580,-0.026679750386571537
429.142740000000003420,-0.025704084047621496
429.145050000000026102,-0.025007179519800037
429.147359999999991942,-0.025843464953185787
429.149670000000014625,-0.025425322236492912
429.151980000000037307,-0.028631083064471617
429.154290000000003147,-0.018177515147149752
429.156600000000025830,-0.023055846841899957
429.158909999999991669,-0.022777085030771374
429.161220000000014352,-0.023055846841899957
429.163530000000037035,-0.028212940347778742
429.165840000000002874,-0.025564703142057204
429.168150000000025557,-0.018874419674971211
429.170459999999991396,-0.027376654914392996
429.172770000000014079,-0.026400988575442954
429.175080000000036762,-0.017898753336021169
429.177390000000002601,-0.018177515147149752
429.179700000000025284,-0.019431943297228374
429.182009999999991123,-0.020965133258435582
429.184320000000013806,-0.017201848808199711
429.186630000000036489,-0.024031513180849996
429.188940000000002328,-0.025843464953185787
429.191250000000025011,-0.027237274008828704
429.193559999999990850,-0.022219561408514207
429.195870000000013533,-0.024589036803107162
429.198180000000036216,-0.021104514163999874
429.200490000000002055,-0.018177515147149752
429.202800000000024738,-0.023613370464157121
429.205109999999990578,-0.029049225781164492
429.207420000000013260,-0.025564703142057204
429.209730000000035943,-0.015947420658121086
429.212040000000001783,-0.022080180502949916
429.214350000000024465,-0.020128847825049832
429.216660000000047148,-0.014414230696913879
429.218970000000012988,-0.016504944280378252
429.221280000000035670,-0.023892132275285704
429.223590000000001510,-0.017619991524892586
429.225900000000024193,-0.013856707074656712
429.228210000000046875,-0.019710705108356957
429.230520000000012715,-0.019850086013921249
429.232830000000035398,-0.016644325185942544
429.235140000000001237,-0.016365563374813961
429.237450000000023920,-0.019571324202792666
429.239760000000046603,-0.020268228730614124
429.242070000000012442,-0.021104514163999874
429.244380000000035125,-0.021522656880692749
429.246690000000000964,-0.016365563374813961
429.249000000000023647,-0.024031513180849996
429.251310000000046330,-0.021801418691821332
429.253620000000012169,-0.019431943297228374
429.255930000000034852,-0.017759372430456877
429.258240000000000691,-0.012044755302320923
429.260550000000023374,-0.015668658846992502
429.262860000000046057,-0.016226182469249669
429.265170000000011896,-0.015250516130299629
429.267480000000034579,-0.011626612585628048
429.269790000000000418,-0.015111135224735337
429.272100000000023101,-0.025007179519800037
429.274410000000045784,-0.008002709040956468
429.276720000000011623,-0.015250516130299629
429.279030000000034306,-0.011069088963370883
429.281340000000000146,-0.009954041718856549
429.283650000000022828,-0.014692992508042462
429.285960000000045511,-0.012462898019013798
429.288270000000011350,-0.016086801563685377
429.290580000000034033,-0.011905374396756631
429.292889999999999873,-0.014692992508042462
429.295200000000022555,-0.013717326169092421
429.297510000000045238,-0.008699613568777926
429.299820000000011078,-0.009675279907727966
429.302130000000033760,-0.008838994474342218
429.304439999999999600,-0.002288091912820514
429.306750000000022283,-0.005493852740799219
429.309060000000044965,-0.008838994474342218
429.311370000000010805,-0.001451806479434765
429.313680000000033488,-0.006608899985313552
429.315989999999999327,-0.000615521046049015
429.318300000000022010,-0.003542520062899138
429.320610000000044693,-0.004518186401849178
429.322920000000010532,0.004123429743136898
429.325230000000033215,-0.001591187384999056
429.327539999999999054,-0.000336759234920432
429.329850000000021737,0.006074762421036980
429.332160000000044420,0.003984048837572606
429.334470000000010259,-0.000057997423791849
429.336780000000032942,0.003008382498622565
429.339089999999998781,0.006911047854422729
429.341400000000021464,0.004262810648701189
429.343710000000044147,0.000638907104029609
429.346020000000009986,0.012346903171430099
429.348330000000032669,0.017364615771744595
429.350639999999998508,0.017782758488437470
429.352950000000021191,0.015134521282715930
429.355260000000043874,0.012346903171430099
429.357570000000009713,0.022103566560930508
429.359880000000032396,0.027678802783502172
429.362189999999998236,0.026703136444552130
429.364500000000020918,0.024473041955523463
429.366810000000043601,0.030187659083659418
429.369120000000009441,0.029630135461402252
429.371430000000032123,0.029351373650273668
429.373739999999997963,0.028375707311323627
429.376050000000020646,0.021406662033109050
429.378360000000043328,0.025727470105602088
429.380670000000009168,0.016667711243923137
429.382980000000031851,0.029908897272530835
429.385289999999997690,0.027678802783502172
429.387600000000020373,0.037853608889695453
429.389910000000043055,0.034926609872845328
429.392220000000008895,0.028515088216887918
429.394530000000031578,0.022939851994316258
429.396839999999997417,0.034508467156152460
429.399150000000020100,0.040501846095416995
429.401460000000042783,0.044404511451217155
429.403770000000008622,0.044265130545652863
429.406080000000031305,0.044125749640088571
429.408389999999997144,0.047889034090324446
429.410700000000019827,0.054439936651846148
429.413010000000042510,0.055415602990796189
429.415320000000008349,0.046913367751374405
429.417630000000031032,0.045240796884602905
429.419939999999996871,0.033532800817202418
429.422250000000019554,0.024054899238830592
429.424560000000042237,0.027400040972373588
429.426870000000008076,0.020152233883030425
429.429180000000030759,0.024891184672216338
429.431489999999996598,0.019594710260773262
429.433800000000019281,0.007468571476679895
429.436110000000041964,0.015134521282715930
429.438420000000007803,0.016110187621665970
429.440730000000030486,0.021546042938673342
429.443039999999996326,0.056670031140874814
429.445350000000019008,0.133329529201235170
429.447660000000041691,0.284975954455184366
429.449970000000007531,0.468958749800049257
429.452280000000030213,0.518857113992065577
429.454589999999996053,0.385469587367038569
429.456900000000018736,0.479969841339628278
429.459210000000041418,0.729461662299710101
429.461520000000007258,1.000000000000000000
429.463830000000029941,0.760822366051675636
429.466139999999995780,0.441221949592755236
429.468450000000018463,0.438573712387033687
429.470760000000041146,0.515790734069651147
429.473070000000006985,0.540043011637837966
429.475380000000029668,0.341982744830979624
429.477689999999995507,0.193263318593880545
429.480000000000018190,0.114094964233362933
429.482310000000040873,0.070468740791739676
429.484620000000006712,0.032278372667123793
429.486930000000029395,0.038689894323081203
429.489239999999995234,0.015970806716101679
429.491550000000017917,0.024612422861087755
429.493860000000040600,0.017782758488437470
429.496170000000006439,0.016667711243923137
429.498480000000029122,0.021964185655366217
429.500789999999994961,0.023636756522137717
429.503100000000017644,0.019315948449644679
429.505410000000040327,0.016249568527230262
429.507720000000006166,0.014298235849330182
429.510030000000028849,0.021406662033109050
429.512339999999994689,0.016249568527230262
429.514650000000017371,0.017085853960616012
429.516960000000040054,0.011928760454737225
429.519270000000005894,0.010953094115787184
429.521580000000028576,0.017782758488437470
429.523889999999994416,0.006771666948858437
429.526200000000017099,0.004541572459829772
429.528510000000039781,0.014576997660458764
429.530820000000005621,0.011510617738044350
429.533130000000028303,0.011231855926915767
429.535439999999994143,0.010953094115787184
429.537750000000016826,0.010674332304658600
429.540060000000039508,0.004123429743136898
429.542370000000005348,0.006911047854422729
429.544680000000028031,0.000638907104029609
429.546989999999993870,0.011789379549172934
429.549300000000016553,0.012625664982558682
429.551610000000039236,0.013461950415944432
429.553920000000005075,0.006911047854422729
429.556230000000027758,0.014855759471587347
429.558539999999993597,0.013601331321508724
429.560850000000016280,0.005238476987651230
429.563160000000038963,0.017085853960616012
429.565470000000004802,0.009141142343451394
429.567780000000027485,0.013880093132637307
429.570089999999993324,0.024054899238830592
429.572400000000016007,0.020709757505287592
429.574710000000038690,0.004123429743136898
429.577020000000004529,0.000638907104029609
429.579330000000027212,0.012486284076994390
429.581639999999993051,0.011231855926915767
429.583950000000015734,0.011371236832480059
429.586260000000038417,0.004541572459829772
429.588570000000004256,0.014298235849330182
429.590880000000026939,0.013461950415944432
429.593189999999992779,0.005656619704344105
429.595500000000015461,0.012207522265865809
429.597810000000038144,0.002869001593058273
429.600120000000003984,-0.001033663762741890
429.602430000000026666,0.007747333287808478
429.604739999999992506,0.001614573442979650
429.607050000000015189,0.001893335254108233
429.609360000000037871,0.008026095098937060
429.611670000000003711,0.001614573442979650
429.613980000000026394,-0.001869949196127639
429.616289999999992233,0.005517238798779813
429.618600000000014916,-0.002427472818384806
429.620910000000037599,0.005099096082086939
429.623220000000003438,0.014298235849330182
429.625530000000026121,0.012207522265865809
429.627839999999991960,0.007189809665551312
429.630150000000014643,0.003844667932008315
429.632460000000037326,0.006074762421036980
429.634770000000003165,0.005796000609908396
429.637080000000025848,0.003844667932008315
429.639389999999991687,0.004262810648701189
429.641700000000014370,0.003008382498622565
429.644010000000037053,0.005099096082086939
429.646320000000002892,0.008722999626758519
429.648630000000025575,0.002869001593058273
429.650939999999991414,0.003287144309751148
429.653250000000014097,0.001335811631851067
429.655560000000036780,0.002590239781929691
429.657870000000002619,0.006632286043294145
429.660180000000025302,0.002869001593058273
429.662489999999991142,0.002590239781929691
429.664800000000013824,0.007468571476679895
429.667110000000036507,0.014019474038201599
429.669420000000002346,0.005656619704344105
429.671730000000025029,0.006492905137729854
429.674039999999990869,0.004541572459829772
429.676350000000013551,0.006632286043294145
429.678660000000036234,-0.000336759234920432
429.680970000000002074,0.000499526198465317
429.683280000000024756,0.001057049820722483
429.685589999999990596,0.002172097065236816
429.687900000000013279,0.004402191554265480
429.690210000000035961,-0.003681900968463429
429.692520000000001801,0.003844667932008315
429.694830000000024484,-0.000615521046049015
429.697139999999990323,-0.001591187384999056
429.699450000000013006,0.005238476987651230
429.701760000000035689,-0.004796948212977762
429.704070000000001528,0.000917668915158192
429.706380000000024211,0.004680953365394064
429.708690000000046894,0.000917668915158192
429.711000000000012733,0.002869001593058273
429.713310000000035416,-0.004518186401849178
429.715620000000001255,-0.002845615535077680
429.717930000000023938,0.003705287026444023
429.720240000000046621,-0.005354471835234928
429.722550000000012460,-0.000754901951613307
429.724860000000035143,-0.002288091912820514
429.727170000000000982,0.000917668915158192
429.729480000000023665,0.005517238798779813
429.731790000000046348,0.004541572459829772
429.734100000000012187,-0.001173044668306181
429.736410000000034870,0.000778288009593900
429.738720000000000709,0.002729620687493982
429.741030000000023392,0.005935381515472688
429.743340000000046075,0.004123429743136898
429.745650000000011914,-0.001033663762741890
429.747960000000034597,0.000220764387336734
429.750270000000000437,0.002590239781929691
429.752580000000023119,0.000360145292901026
429.754890000000045802,0.001057049820722483
429.757200000000011642,0.001196430726286775
429.759510000000034324,-0.000057997423791849
429.761820000000000164,0.008444237815629935
429.764130000000022847,0.010116808682401434
429.766440000000045529,0.000638907104029609
429.768750000000011369,0.002869001593058273
429.771060000000034051,-0.000057997423791849
429.773369999999999891,0.001196430726286775
429.775680000000022574,0.003565906120879731
429.777990000000045256,0.005377857893215521
429.780300000000011096,0.000917668915158192
429.782610000000033779,0.006074762421036980
429.784919999999999618,-0.002009330101691931
429.787230000000022301,0.000778288009593900
429.789540000000044984,0.007747333287808478
429.791850000000010823,-0.002706234629513389
429.794160000000033506,0.001196430726286775
429.796469999999999345,-0.004796948212977762
429.798780000000022028,0.003008382498622565
429.801090000000044711,0.002032716159672524
429.803400000000010550,0.004402191554265480
429.805710000000033233,0.002590239781929691
429.808019999999999072,0.001057049820722483
429.810330000000021755,0.000778288009593900
429.812640000000044438,-0.000197378329356141
429.814950000000010277,0.007050428759987020
429.817260000000032960,0.000778288009593900
429.819569999999998799,-0.001312425573870473
429.821880000000021482,0.000917668915158192
429.824190000000044165,-0.001730568290563348
429.826500000000010004,0.003426525215315440
429.828810000000032687,-0.002148711007256222
429.831119999999998527,0.000360145292901026
429.833430000000021209,0.008862380532322810
429.835740000000043892,0.000081383481772443
429.838050000000009732,0.007189809665551312
429.840360000000032414,0.004262810648701189
429.842669999999998254,-0.005911995457492094
429.844980000000020937,0.006771666948858437
429.847290000000043619,0.005656619704344105
429.849600000000009459,-0.002566853723949097
429.851910000000032142,0.002450858876365399
429.854219999999997981,0.005099096082086939
429.856530000000020664,0.007468571476679895
429.858840000000043347,-0.000336759234920432
429.861150000000009186,0.000220764387336734
429.863460000000031869,0.001196430726286775
429.865769999999997708,0.005796000609908396
429.868080000000020391,0.005377857893215521
429.870390000000043074,0.002450858876365399
429.872700000000008913,0.003147763404186857
429.875010000000031596,-0.000476140140484724
429.877319999999997435,0.007189809665551312
429.879630000000020118,-0.001173044668306181
429.881940000000042801,-0.002288091912820514
429.884250000000008640,0.009838046871272852
429.886560000000031323,0.004262810648701189
429.888869999999997162,0.007050428759987020
429.891180000000019845,0.014716378566023055
429.893490000000042528,0.013880093132637307
429.895800000000008367,0.022242947466494800
429.898110000000031050,0.015134521282715930
429.900419999999996890,0.010674332304658600
429.902730000000019572,0.022661090183187675
429.905040000000042255,0.024751803766652047
429.907350000000008095,0.040223084284288411
429.909660000000030777,0.047610272279195863
429.911969999999996617,0.067959884491582426
429.914280000000019299,0.067262979963760974
429.916590000000041982,0.071305026225125426
429.918900000000007822,0.072420073469639759
429.921210000000030504,0.073256358903025509
429.923519999999996344,0.065311647285860891
429.925830000000019027,0.055136841179667606
429.928140000000041709,0.054300555746281856
429.930450000000007549,0.036599180739616828
429.932760000000030232,0.036738561645181120
429.935069999999996071,0.025030565577780630
429.937380000000018754,0.010395570493530017
429.939690000000041437,0.014019474038201599
429.942000000000007276,0.010674332304658600
429.944310000000029959,0.017922139394001762
429.946619999999995798,0.007050428759987020
429.948930000000018481,0.009559285060144269
429.951240000000041164,0.005935381515472688
429.953550000000007003,0.006632286043294145
429.955860000000029686,0.001614573442979650
429.958169999999995525,0.009141142343451394
429.960480000000018208,0.000499526198465317
429.962790000000040891,0.008304856910065644
429.965100000000006730,-0.000894282857177598
429.967410000000029413,0.003008382498622565
429.969719999999995252,0.000081383481772443
429.972030000000017935,-0.003821281874027721
429.974340000000040618,0.002869001593058273
429.976650000000006457,0.002729620687493982
429.978960000000029140,-0.000476140140484724
429.981269999999994980,-0.003403139157334846
429.983580000000017662,-0.001591187384999056
429.985890000000040345,-0.000197378329356141
429.988200000000006185,-0.002566853723949097
429.990510000000028867,-0.002009330101691931
429.992819999999994707,0.002869001593058273
429.995130000000017390,-0.004239424590720596
429.997440000000040072,-0.006608899985313552
429.999750000000005912,0.002729620687493982
430.002060000000028595,0.000499526198465317
430.004369999999994434,0.003565906120879731
430.006680000000017117,0.000499526198465317
430.008990000000039799,-0.003263758251770555
430.011300000000005639,0.005377857893215521
430.013610000000028322,-0.004378805496284888
430.015919999999994161,-0.000894282857177598
430.018230000000016844,0.001057049820722483
430.020540000000039527,0.007747333287808478
430.022850000000005366,-0.002148711007256222
430.025160000000028049,0.002172097065236816
430.027469999999993888,-0.006330138174184969
430.029780000000016571,0.009419904154579977
430.032090000000039254,-0.001312425573870473
430.034400000000005093,0.006492905137729854
430.036710000000027776,0.005796000609908396
430.039019999999993615,-0.001869949196127639
430.041330000000016298,-0.002427472818384806
430.043640000000038981,0.002032716159672524
430.045950000000004820,-0.005772614551927803
430.048260000000027503,0.000778288009593900
430.050569999999993342,-0.001451806479434765
430.052880000000016025,0.004402191554265480
430.055190000000038708,0.002590239781929691
430.057500000000004547,-0.003403139157334846
430.059810000000027230,0.004402191554265480
430.062119999999993070,0.005656619704344105
430.064430000000015752,0.004262810648701189
430.066740000000038435,-0.006330138174184969
430.069050000000004275,-0.004100043685156304
430.071360000000026957,0.007607952382244186
430.073669999999992797,-0.000894282857177598
430.075980000000015480,-0.000197378329356141
430.078290000000038162,0.007050428759987020
430.080600000000004002,0.002311477970801108
430.082910000000026685,0.000638907104029609
430.085219999999992524,0.004541572459829772
430.087530000000015207,0.003984048837572606
430.089840000000037890,-0.001869949196127639
430.092150000000003729,0.000220764387336734
430.094460000000026412,-0.004657567307413470
430.096769999999992251,-0.002427472818384806
430.099080000000014934,0.000638907104029609
430.101390000000037617,0.002590239781929691
430.103700000000003456,0.005935381515472688
430.106010000000026139,-0.000336759234920432
430.108319999999991978,0.004820334270958355
430.110630000000014661,0.003287144309751148
430.112940000000037344,0.003844667932008315
430.115250000000003183,-0.001591187384999056
430.117560000000025866,-0.003124377346206263
430.119869999999991705,-0.004518186401849178
430.122180000000014388,0.004541572459829772
430.124490000000037071,-0.013020421641270964
430.126800000000002910,-0.003263758251770555
430.129110000000025593,-0.002984996440641972
430.131419999999991433,-0.001173044668306181
430.133730000000014115,-0.004239424590720596
430.136040000000036798,0.004959715176522647
430.138350000000002638,0.001335811631851067
430.140660000000025320,-0.005215090929670637
430.142969999999991160,0.005517238798779813
430.145280000000013843,-0.009535899002163674
430.147590000000036525,-0.005772614551927803
430.149900000000002365,0.001196430726286775
430.152210000000025047,0.002869001593058273
430.154519999999990887,0.002590239781929691
430.156830000000013570,-0.005493852740799219
430.159140000000036252,0.001614573442979650
430.161450000000002092,0.006074762421036980
430.163760000000024775,0.002590239781929691
430.166069999999990614,-0.007584566324263593
430.168380000000013297,0.006074762421036980
430.170690000000035980,0.001475192537415358
430.173000000000001819,0.002869001593058273
430.175310000000024502,0.001614573442979650
430.177620000000047185,-0.002288091912820514
430.179930000000013024,0.003426525215315440
430.182240000000035707,-0.000894282857177598
430.184550000000001546,-0.005911995457492094
430.186860000000024229,0.003426525215315440
430.189170000000046912,0.006492905137729854
430.191480000000012751,0.015831425810537387
430.193790000000035434,0.040083703378724120
430.196100000000001273,0.093048447493154912
430.198410000000023956,0.148522047907742955
430.200720000000046639,0.174307515437136878
430.203030000000012478,0.198838554816452212
430.205340000000035161,0.236053256602118039
430.207650000000001000,0.220721356990045969
430.209960000000023683,0.200929268399916566
430.212270000000046366,0.221975785140124587
430.214580000000012205,0.209152741828209782
430.216890000000034888,0.182670369770994379
430.219200000000000728,0.166780946536665142
430.221510000000023410,0.129008721128742121
430.223820000000046093,0.078134690597775711
430.226130000000011933,0.037156704361873995
430.228440000000034615,0.014437616754894472
430.230750000000000455,0.019455329355208970
430.233060000000023138,0.009977427776837144
430.235370000000045820,0.007886714193372770
430.237680000000011660,-0.002148711007256222
430.239990000000034343,0.002590239781929691
430.242300000000000182,0.003565906120879731
430.244610000000022865,0.006353524232165562
430.246920000000045547,0.010256189587965725
430.249230000000011387,0.007468571476679895
430.251540000000034070,0.011231855926915767
430.253849999999999909,0.005099096082086939
430.256160000000022592,0.004820334270958355
430.258470000000045275,0.005656619704344105
430.260780000000011114,-0.001033663762741890
430.263090000000033797,-0.000754901951613307
430.265399999999999636,0.000081383481772443
430.267710000000022319,0.001335811631851067
430.270020000000045002,-0.002148711007256222
430.272330000000010841,0.002590239781929691
430.274640000000033524,0.008026095098937060
430.276949999999999363,0.005238476987651230
430.279260000000022046,-0.001451806479434765
430.281570000000044729,0.006074762421036980
430.283880000000010568,0.006911047854422729
430.286190000000033251,0.001893335254108233
430.288499999999999091,0.001475192537415358
430.290810000000021773,-0.001730568290563348
430.293120000000044456,-0.001033663762741890
430.295430000000010295,-0.001033663762741890
430.297740000000032978,0.003008382498622565
430.300049999999998818,0.003147763404186857
430.302360000000021500,0.006492905137729854
430.304670000000044183,-0.001591187384999056
430.306980000000010023,-0.002427472818384806
430.309290000000032705,0.004959715176522647
430.311599999999998545,-0.001730568290563348
430.313910000000021228,0.004820334270958355
430.316220000000043910,0.008444237815629935
430.318530000000009750,-0.001173044668306181
430.320840000000032433,0.007050428759987020
430.323149999999998272,0.005656619704344105
430.325460000000020955,0.000220764387336734
430.327770000000043638,0.004959715176522647
430.330080000000009477,0.006214143326601271
430.332390000000032160,0.004959715176522647
430.334699999999997999,0.002032716159672524
430.337010000000020682,0.002590239781929691
430.339320000000043365,0.006911047854422729
430.341630000000009204,0.000220764387336734
430.343940000000031887,0.008862380532322810
430.346249999999997726,0.004541572459829772
430.348560000000020409,0.003008382498622565
430.350870000000043092,-0.001312425573870473
430.353180000000008931,0.000081383481772443
430.355490000000031614,0.002032716159672524
430.357799999999997453,0.005377857893215521
430.360110000000020136,-0.001312425573870473
430.362420000000042819,0.011231855926915767
430.364730000000008658,0.000081383481772443
430.367040000000031341,0.009559285060144269
430.369349999999997181,0.004402191554265480
430.371660000000019863,0.001196430726286775
430.373970000000042546,-0.002706234629513389
430.376280000000008386,0.004123429743136898
430.378590000000031068,0.005238476987651230
430.380899999999996908,0.008444237815629935
430.383210000000019591,0.005796000609908396
430.385520000000042273,-0.004657567307413470
430.387830000000008113,0.007468571476679895
430.390140000000030795,0.001335811631851067
430.392449999999996635,0.007329190571115604
430.394760000000019318,0.003008382498622565
430.397070000000042000,0.004262810648701189
430.399380000000007840,0.008444237815629935
430.401690000000030523,0.005935381515472688
430.403999999999996362,0.004402191554265480
430.406310000000019045,-0.004936329118542053
430.408620000000041728,0.000360145292901026
430.410930000000007567,-0.002845615535077680
430.413240000000030250,-0.005911995457492094
430.415549999999996089,-0.001869949196127639
430.417860000000018772,0.000917668915158192
430.420170000000041455,0.001753954348543941
430.422480000000007294,-0.002427472818384806
430.424790000000029977,0.006632286043294145
430.427099999999995816,-0.001451806479434765
430.429410000000018499,-0.001869949196127639
430.431720000000041182,0.000638907104029609
430.434030000000007021,-0.000476140140484724
430.436340000000029704,-0.002845615535077680
430.438649999999995543,0.001753954348543941
430.440960000000018226,0.000778288009593900
430.443270000000040909,-0.002984996440641972
430.445580000000006748,-0.004239424590720596
430.447890000000029431,-0.002984996440641972
430.450199999999995271,0.009001761437887102
430.452510000000017953,0.001614573442979650
430.454820000000040636,0.003984048837572606
430.457130000000006476,-0.003542520062899138
430.459440000000029158,0.006214143326601271
430.461749999999994998,0.000917668915158192
430.464060000000017681,-0.000057997423791849
430.466370000000040363,0.004262810648701189
430.468680000000006203,0.004402191554265480
430.470990000000028886,0.001335811631851067
430.473299999999994725,0.005517238798779813
430.475610000000017408,-0.001033663762741890
430.477920000000040091,0.003287144309751148
430.480230000000005930,0.003008382498622565
430.482540000000028613,0.005935381515472688
430.484849999999994452,0.008304856910065644
430.487160000000017135,0.009419904154579977
430.489470000000039818,0.007189809665551312
430.491780000000005657,-0.000057997423791849
430.494090000000028340,0.003565906120879731
430.496399999999994179,0.007189809665551312
430.498710000000016862,0.000638907104029609
430.501020000000039545,0.002032716159672524
430.503330000000005384,-0.008281470852085051
430.505640000000028067,0.003705287026444023
430.507949999999993906,0.005935381515472688
430.510260000000016589,-0.002566853723949097
430.512570000000039272,0.013043807699251557
430.514880000000005111,-0.006051376363056386
430.517190000000027794,0.003565906120879731
430.519499999999993634,-0.001033663762741890
430.521810000000016316,0.006911047854422729
430.524120000000038999,-0.004378805496284888
430.526430000000004839,-0.003960662779592013
430.528740000000027521,0.003426525215315440
430.531049999999993361,0.005099096082086939
430.533360000000016043,0.002869001593058273
430.535670000000038726,-0.002984996440641972
430.537980000000004566,0.012207522265865809
430.540290000000027248,0.005377857893215521
430.542599999999993088,-0.001730568290563348
430.544910000000015771,-0.000057997423791849
430.547220000000038453,0.005517238798779813
430.549530000000004293,0.002590239781929691
430.551840000000026976,0.002729620687493982
430.554149999999992815,0.008583618721194227
430.556460000000015498,0.000778288009593900
430.558770000000038181,0.003984048837572606
430.561080000000004020,0.006214143326601271
430.563390000000026703,0.009559285060144269
430.565699999999992542,0.001753954348543941
430.568010000000015225,0.005796000609908396
430.570320000000037908,-0.000057997423791849
430.572630000000003747,-0.002148711007256222
430.574940000000026430,0.005656619704344105
430.577249999999992269,0.002590239781929691
430.579560000000014952,0.005099096082086939
430.581870000000037635,0.005099096082086939
430.584180000000003474,0.002729620687493982
430.586490000000026157,0.001335811631851067
430.588799999999991996,0.003565906120879731
430.591110000000014679,0.008722999626758519
430.593420000000037362,0.008862380532322810
430.595730000000003201,0.002311477970801108
430.598040000000025884,0.006911047854422729
430.600349999999991724,0.002172097065236816
430.602660000000014406,0.002032716159672524
430.604970000000037089,0.003147763404186857
430.607280000000002929,0.005238476987651230
430.609590000000025611,0.000499526198465317
430.611899999999991451,0.000499526198465317
430.614210000000014134,0.002869001593058273
430.616520000000036816,-0.005911995457492094
430.618830000000002656,0.001753954348543941
430.621140000000025339,0.004123429743136898
430.623449999999991178,-0.008002709040956468
430.625760000000013861,-0.002288091912820514
430.628070000000036543,0.002869001593058273
430.630380000000002383,-0.001591187384999056
430.632690000000025066,0.004820334270958355
430.634999999999990905,0.013601331321508724
430.637310000000013588,0.002172097065236816
430.639620000000036271,-0.004796948212977762
430.641930000000002110,-0.004378805496284888
430.644240000000024793,-0.002288091912820514
430.646549999999990632,-0.001451806479434765
430.648860000000013315,0.000917668915158192
430.651170000000035998,-0.005493852740799219
430.653480000000001837,-0.001591187384999056
