Wavelength(A)_MDPX,3.2,2.5,1.5
4456.53416,-0.006470661,-0.035126432,-0.010592712
4456.556397,-0.013944638,-0.066860845,-0.029805652
4456.578633,-0.009620541,-0.003093764,-0.003534088
4456.60087,-0.00727211,-0.008164112,-0.01077116
4456.623106,-0.013758254,-0.010788763,-0.018226336
4456.645343,0.001040592,0.001499375,0.006736607
4456.66758,-0.023096065,-0.070559216,-0.030896169
4456.689816,-0.010235607,-0.04848829,-0.023619442
4456.712053,-0.010552459,-0.039003757,-0.000678914
4456.734289,-0.010701565,0.03335309,0.014251265
4456.756526,-0.01808235,-0.109988628,-0.030519445
4456.778763,-0.007216195,0.000187049,-0.007578917
4456.800999,-0.01075748,-0.034231665,0.009671091
4456.823236,-0.015323875,-0.022122481,-0.022172027
4456.845472,-0.020318952,-0.077120843,-0.036903931
4456.867709,-0.00445772,-0.041330152,-0.004228054
4456.889946,-0.011950335,0.000664258,0.007093503
4456.912182,-0.014802001,-0.036677362,-0.030241859
4456.934419,0.002009786,-0.004107834,-0.013745299
4456.956655,0.001562466,0.032100415,0.020933165
4456.978892,-0.015976217,0.028342393,-0.01233754
4457.001128,-0.006433384,-0.021645272,-0.022806511
4457.023365,-0.008875008,-0.021466319,-0.006309951
4457.045602,-0.018343287,-0.00392888,-0.007578917
4457.067838,-0.026916926,-0.041926664,-0.035456516
4457.090075,-0.001680606,-0.009416786,-0.005715123
4457.112311,-0.021418614,-0.065250264,-0.008292711
4457.134548,-0.003768101,-0.013353762,0.002612467
4457.156785,-0.026450967,-0.069306542,-0.031590135
4457.179021,-0.02315198,-0.067218752,-0.017076335
4457.201258,-0.013329572,-0.057853521,-0.012040126
4457.223494,-0.011186162,-0.036140502,-0.016065128
4457.245731,-0.005501467,-0.014188878,-0.016640128
4457.267968,0.009092358,0.043970995,0.024224546
4457.290204,-0.007980367,-0.008641321,-0.009165125
4457.312441,-0.022723298,-0.034828177,-0.018880647
4457.334677,-0.00535236,-0.009178182,-0.009740125
4457.356914,-0.019387034,-0.018782017,-0.010097022
4457.379151,-0.033552177,-0.086903632,-0.04763066
4457.401387,-0.016274431,-0.011623879,-0.011227195
4457.423624,-0.009695095,-0.027073527,0.003207295
4457.44586,-0.014913831,-0.029578875,-0.020268578
4457.468097,-0.046729487,-0.126511997,-0.052468593
4457.490334,-0.015025662,-0.017350389,-0.009878918
4457.51257,-0.019163374,-0.041330152,-0.007915986
4457.534807,-0.031408767,-0.0722891,-0.023837545
4457.557043,-0.011372546,-0.054632359,-0.026692719
4457.57928,-0.01571528,-0.04693736,-0.016897887
4457.601517,-0.014429235,-0.043775849,-0.01439961
4457.623753,-0.020523974,-0.063818636,-0.03732031
4457.64599,-0.002687077,-0.00237795,-0.005298744
4457.668226,-0.019051544,-0.052127011,-0.007737538
4457.690463,-0.018921076,-0.008164112,-0.028259099
4457.7127,-0.011335269,-0.027670038,-0.025403926
4457.734936,-0.018865161,-0.011027367,-0.002959087
4457.757173,-0.017374093,-0.021168063,-0.000659086
4457.779409,-0.014615618,-0.047056663,-0.022350476
4457.801646,-0.009769648,-0.031308759,-0.004961675
4457.823882,-0.018026435,-0.012936204,0.001502121
4457.846119,-0.007868537,-0.05988166,-0.022846166
4457.868356,-0.034540009,-0.061909799,-0.039977208
4457.890592,-0.001438308,-0.007507949,0.00695471
4457.912829,-0.013683701,-0.022718993,-0.005278916
4457.935065,-0.016777666,-0.04121085,-0.012278057
4457.957302,-0.013981914,-0.053618289,-0.005516847
4457.979539,-0.010328798,-0.026059457,0.009373677
4458.001775,-0.018529671,0.009850536,-0.023599614
4458.024012,-0.010571097,-0.054513057,-0.025978926
4458.046248,-0.00783126,0.022079022,0.01421161
4458.068485,-0.019107459,-0.06035887,-0.035159102
4458.090722,-0.020952655,-0.047712825,-0.025324615
4458.112958,-0.011521653,-0.006732484,-0.002919432
4458.135195,-0.008520879,-0.014188878,-0.002959087
4458.157431,-0.016721751,-0.074197937,-0.025304788
4458.179668,-0.030309105,-0.071990844,0.007490055
4458.201905,0.008943251,0.020766697,0.024799546
4458.224141,-0.02236917,-0.052544569,0.012228851
4458.246378,-0.029582209,-0.08833526,-0.03674531
4458.268614,-0.004867763,-0.033515851,-0.012238402
4458.290851,-0.007644877,-0.060836079,-0.011028919
4458.313088,-0.027830205,-0.025820853,-0.029171169
4458.335324,-0.0100865,0.000366003,-0.020129785
4458.357561,-0.013832807,-0.018066203,-0.010235815
4458.379797,-0.017336816,-0.083980726,-0.013725472
4458.402034,-0.021754104,-0.033873758,-0.026811685
4458.424271,-0.013031359,-0.018304808,-0.012654782
4458.446507,-0.024046621,-0.067755612,-0.017611681
4458.468744,-0.005538744,-0.059046544,-0.014855645
4458.49098,-0.004830487,-0.014725739,-0.016818577
4458.513217,-0.016162601,-0.040852943,0.012466782
4458.535454,-0.01200625,-0.039719571,-0.004842709
4458.55769,-0.022835128,-0.052425266,-0.032184963
4458.579927,-0.018138265,-0.058151777,-0.018147026
4458.602163,-0.011092971,-0.015739808,0.008897815
4458.6244,-0.012621315,-0.035245735,-0.021755648
4458.646636,-0.016199877,-0.08577026,-0.028972893
4458.668873,-0.010328798,-0.006851787,-0.00408926
4458.69111,-0.013105912,0.011401466,0.009393504
4458.713346,-0.022164148,-0.026894574,-0.033592722
4458.735583,-0.002482055,0.015815651,0.000233155
4458.757819,-0.013031359,-0.066801194,-0.012377195
4458.780056,-0.0359938,-0.057435963,-0.039937553
4458.802293,-0.008800454,-0.00082702,-0.014538403
4458.824529,0.012354068,0.024942277,0.015044369
4458.846766,-0.026991479,-0.070260961,-0.01340823
4458.869002,-0.026469606,-0.068411775,-0.040928933
4458.891239,0.000798294,-0.005718415,-0.000242707
4458.913476,-0.003618994,-0.020153993,0.008679711
4458.935712,-0.015193407,-0.043835501,-0.028853927
4458.957949,-0.024233004,-0.03291934,-0.035297896
4458.980185,-0.010738842,-0.087619446,-0.01085047
4459.002422,-0.016591283,-0.056541196,-0.002245294
4459.024659,-0.022052318,-0.034589572,-0.016441852
4459.046895,-0.016386261,-0.044909221,-0.011940988
4459.069132,-0.011614844,-0.068710031,-0.018940129
4459.091368,-0.012807698,0.003050305,-0.018305646
4459.113605,-0.00434589,-0.00959574,-0.015926335
4459.135842,-0.00524053,-0.041867013,-0.00755909
4459.158078,-0.012919529,0.009373327,-0.008352193
4459.180315,-0.028128419,-0.076583983,-0.045826349
4459.202551,-0.008427687,-0.025045388,-0.013685817
4459.224788,-0.023729769,-0.059822009,-0.016679784
4459.247025,-0.038714999,-0.101458513,-0.038371173
4459.269261,-0.024344834,-0.07127503,-0.029647031
4459.291498,-0.00039456,0.013548907,0.007291779
4459.313734,-0.008688624,-0.044133756,-0.008352193
4459.335971,-0.021045847,-0.05415515,-0.025919443
4459.358207,-0.001568776,-0.018603063,-0.014082369
4459.380444,0.010788447,0.036275996,0.012030575
4459.402681,-0.034577286,-0.092630142,-0.040413415
4459.424917,-0.029787231,-0.022838295,-0.037022896
4459.447154,-0.009322328,-0.001423532,0.002136605
4459.46939,-0.01582711,-0.024747132,-0.019257371
4459.491627,-0.029172166,-0.060955381,-0.031134101
4459.513864,-0.007253471,-0.012876553,-0.009046159
4459.5361,-0.013702339,-0.020571551,0.000590052
4459.558337,-0.008204027,-0.051470848,-0.021854786
4459.580573,-0.029638124,-0.054990266,-0.03930307
4459.60281,-0.007588962,-0.054930615,-0.002582363
4459.625047,-0.02551905,-0.075808518,-0.020328061
4459.647283,-0.005781042,-0.045267128,-0.025344443
4459.66952,-0.006601129,-0.03447027,0.000153845
4459.691756,-0.023338364,-0.063878287,-0.011425471
4459.713993,-0.007123003,0.001380072,-0.011385816
4459.73623,-0.01785869,-0.045923291,-0.03567462
4459.758466,-0.001661968,-0.00184109,-0.011901333
4459.780703,0.007452183,0.072603547,0.017820233
4459.802939,-0.023077427,-0.033993061,-0.030420307
4459.825176,-0.008856369,-0.032382479,-0.012397023
4459.847413,-0.014503788,-0.034112363,-0.012238402
4459.869649,-0.012397655,-0.020869807,-0.015093576
4459.891886,-0.027177863,-0.07437689,-0.028239272
4459.914122,-0.014112383,-0.026834922,-0.009145297
4459.936359,-0.023319725,-0.046639105,-0.008867711
4459.958596,-0.030215913,-0.049084802,-0.029825479
4459.980832,0.000313697,-0.005360508,-0.005140123
4460.003069,-0.015174768,-0.056004335,-0.003910812
4460.025305,-0.016684474,-0.051172592,-0.022132372
4460.047542,-0.015845749,-0.029578875,-0.022965131
4460.069779,-0.019107459,-0.069903054,-0.024590994
4460.092015,-0.016460814,-0.033933409,-0.002403915
4460.114252,-0.002817545,-0.02361376,-0.029746169
4460.136488,0.005029198,-0.011027367,-0.010870298
4460.158725,-0.015528897,-0.025761202,-0.010037539
4460.180961,-0.012584038,-0.004763996,-0.010731505
4460.203198,-0.009732371,-0.016932831,-0.022885821
4460.225435,-0.008520879,0.021900068,0.008977125
4460.247671,-0.003917208,0.009671582,-0.008332366
4460.269908,-0.011297992,-0.050576081,-0.025304788
4460.292144,-0.012956805,-0.03554399,-0.011960816
4460.314381,-0.017150433,-0.086843981,-0.007162538
4460.336618,-0.037857635,-0.060239567,-0.033929792
4460.358854,-0.023207895,-0.086247469,-0.037934966
4460.381091,-0.039125042,-0.082429796,-0.026910823
4460.403327,-0.005296445,-0.009297484,-0.005120295
4460.425564,-0.01222991,-0.017648645,-0.008332366
4460.447801,-0.017895967,-0.030413991,-0.022211683
4460.470037,0.000779655,0.016949023,0.00951247
4460.492274,-0.020486697,-0.0464005,-0.016897887
4460.51451,-0.024307558,-0.047712825,-0.026177202
4460.536747,-0.013646424,-0.007686903,-0.016203921
4460.558984,-0.016181239,-0.04484957,-0.029726341
4460.58122,-0.022611468,-0.040614338,-0.033711688
4460.603457,-0.024903985,-0.003511322,-0.033334964
4460.625693,-0.022331893,-0.053797243,-0.015648749
4460.64793,-0.017728222,-0.034589572,-0.018900474
4460.670167,-0.021325422,-0.073959332,-0.036051344
4460.692403,-0.005110062,-0.056302591,0.001502121
4460.71464,-0.01312455,-0.044730268,-0.000599604
4460.736876,-0.027792928,-0.108199093,-0.033493584
4460.759113,-0.008353134,-0.051291894,-0.008927194
4460.78135,-0.015212045,-0.04174771,-0.0003815
4460.803586,-0.015528897,-0.05003922,-0.027941858
4460.825823,-0.01955478,-0.04431271,-0.028120306
4460.848059,-0.010832034,-0.039540618,-0.010652195
4460.870296,-0.013665062,-0.025283992,-0.010612539
4460.892533,-0.029861785,-0.065906427,-0.027684099
4460.914769,-0.007514408,-0.050098871,-0.014201334
4460.937006,-0.012267186,-0.041151199,-0.008867711
4460.959242,-0.007663515,-0.009893995,-0.015946163
4460.981479,-0.027028756,-0.06399759,-0.025086684
4461.003715,-0.02056125,-0.037512478,-0.015053921
4461.025952,-0.002258395,0.011043559,0.006716779
4461.048189,-0.028296164,-0.056063987,-0.022568579
4461.070425,-0.014131021,-0.023852365,-0.013844437
4461.092662,-0.021884573,-0.049860267,-0.010909953
4461.114898,-0.026227307,-0.011504576,-0.019872026
4461.137135,-0.006862066,0.009492629,-0.01802806
4461.159372,-0.006209724,-0.029936782,-0.007023745
4461.181608,-0.002127926,0.003229258,0.000946949
4461.203845,-0.030178637,-0.06399759,-0.033572895
4461.226081,-0.013739616,-0.038586199,-0.009244435
4461.248318,-0.006265639,-0.023494458,-0.008590125
4461.270555,-0.014988385,-0.031547363,-0.011365988
4461.292791,-0.014242851,-0.022241784,-0.034960827
4461.315028,0.003239917,0.021005301,0.004991778
4461.337264,-0.014559703,-0.061134334,-0.003534088
4461.359501,-0.024885346,-0.093167003,-0.035079792
4461.381738,-0.013068635,-0.05159015,-0.016402197
4461.403974,-0.016237154,-0.065608171,0.001462466
4461.426211,-0.005948787,-0.021048761,-0.010295298
4461.448447,-0.030942809,-0.082250842,-0.037478931
4461.470684,-0.006265639,-0.05415515,-0.00500133
4461.492921,-0.026171392,-0.051112941,-0.008788401
4461.515157,-0.030458212,-0.073541774,-0.046857384
4461.537394,-0.011335269,-0.018841668,-0.017115991
4461.55963,-0.023468832,-0.043000384,-0.004664261
4461.581867,-0.024997176,-0.071155728,-0.030678066
4461.604104,-0.017224986,-0.056660498,-0.01332892
4461.62634,-0.002724353,0.008836466,0.001938329
4461.648577,-0.027177863,-0.053797243,-0.002225466
4461.670813,-0.010161053,-0.013950274,-0.017770301
4461.69305,-0.03262026,-0.045505733,-0.022191855
4461.715287,-0.028706207,-0.058092126,-0.013309092
4461.737523,-0.009266413,-0.001721788,-0.015232369
4461.75976,-0.026562797,-0.063222125,-0.048443591
4461.781996,0.004115919,-0.011504576,-0.002800467
4461.804233,-0.014615618,-0.087798399,-0.005318571
4461.826469,-0.018678777,-0.074734797,-0.025840133
4461.848706,-0.0348755,-0.053618289,-0.036606517
4461.870943,-0.008744539,-0.042702129,-0.011227195
4461.893179,0.009278741,0.001737979,-0.001511673
4461.915416,0.003351747,0.045581576,-0.004446157
4461.937652,-0.008129474,0.001380072,-0.014201334
4461.959889,-0.023636577,-0.063699334,-0.013745299
4461.982126,-0.015472982,-0.034828177,-0.010751333
4462.004362,-0.02766246,-0.084338632,-0.026415133
4462.026599,-0.001028264,-0.050456778,0.00473402
4462.048835,-0.017448646,-0.0464005,-0.01027547
4462.071072,-0.028929867,-0.081654331,-0.033652205
4462.093309,-0.009042753,-0.026775271,0.004991778
4462.115545,-0.014913831,-0.103069094,-0.005278916
4462.137782,-0.027252416,-0.058211428,-0.036666
4462.160018,-0.014671533,-0.030294689,-0.019415992
4462.182255,-0.019331119,-0.05833073,-0.008768573
4462.204492,-0.020505335,-0.030175387,-0.027228064
4462.226728,-0.015249322,0.01420507,-0.01481599
4462.248965,-0.020915379,-0.048011081,-0.009145297
4462.271201,-0.009844201,-0.057913172,-0.003712536
4462.293438,-0.010682927,0.003050305,-0.013110816
4462.315675,-0.017262263,-0.037631781,-0.02833841
4462.337911,-0.01323638,-0.031666666,-0.009244435
4462.360148,-0.013031359,-0.001423532,-0.012515988
4462.382384,-0.00682479,-0.012995855,-0.012952196
4462.404621,-0.015584812,-0.039361664,-0.024967718
4462.426858,-0.02203368,-0.053081429,-0.012377195
4462.449094,0.002960342,0.020468441,-0.006131503
4462.471331,-0.018156904,-0.048130383,-0.037697035
4462.493567,-0.013609147,-0.042344222,-0.01019616
4462.515804,-0.026637351,-0.098833862,-0.014657369
4462.538041,-0.018697416,-0.053200731,-0.023322028
4462.560277,-0.014317404,-0.046281198,-0.003534088
4462.582514,-0.018380564,-0.044432012,-0.006230641
4462.60475,-0.018380564,-0.05415515,-0.024234097
4462.626987,-0.014951108,-0.073601425,-0.032343584
4462.649223,-0.007234833,-0.016395971,-0.009859091
4462.67146,-0.017169071,-0.048130383,-0.018285819
4462.693697,-0.020579889,-0.042284571,-0.016917715
4462.715933,-0.006563853,0.025300184,-0.005298744
4462.73817,-0.027848843,-0.052186662,-0.013090989
4462.760406,-0.024195728,-0.017946901,-0.025542719
4462.782643,-0.003824016,-0.01222039,-0.005913399
4462.80488,-0.00783126,-0.029877131,0.010741781
4462.827116,-0.020300313,-0.030592945,-0.004465985
4462.849353,-0.023077427,-0.060716776,-0.028120306
4462.871589,-0.007793983,-0.060120265,-0.004148743
4462.893826,-0.006060617,-0.006255275,0.003227122
4462.916063,0.007358991,0.023450998,0.005824537
4462.938299,-0.017131795,-0.051649801,-0.032303929
4462.960536,-0.010347437,-0.014845041,0.000808156
4462.982772,-0.010254245,-0.04019678,-0.003553915
4463.005009,-0.011708036,-0.021824226,-0.022251338
4463.027246,-0.006489299,-0.041151199,-0.012515988
4463.049482,-0.001289201,-0.002616555,0.018157302
4463.071719,-0.011018417,-0.011265972,-0.023817718
4463.093955,-0.031315576,-0.105753396,-0.036071172
4463.116192,-0.015062938,-0.069067938,-0.008114262
4463.138429,-0.016852219,-0.028206899,-0.005715123
4463.160665,-0.012509485,-0.069366193,-0.029171169
4463.182902,-0.032862558,-0.074734797,-0.021497889
4463.205138,-0.012173995,0.013787512,0.001958156
4463.227375,-0.013888722,-0.074257588,-0.020744441
4463.249612,-0.027792928,-0.082608749,-0.032918584
4463.271848,0.000686464,0.011699722,0.012228851
4463.294085,-0.013049997,-0.029638526,0.000748673
4463.316321,-0.012733145,-0.057018405,-0.028437548
4463.338558,-0.00028273,-0.002437601,-0.009938401
4463.360795,-0.012528123,-0.032680735,-0.008570297
4463.383031,-0.01774686,-0.028922713,-0.029567721
4463.405268,-0.018492394,-0.028326201,-0.019059095
4463.427504,-0.007402578,-0.016217017,-0.003078053
4463.449741,-0.02270466,-0.048905848,-0.007479779
4463.471977,-0.009881478,-0.039838873,-0.019772888
4463.494214,-0.014075106,-0.023196202,-0.011405643
4463.516451,-0.020710357,-0.05779387,-0.015529783
4463.538687,-0.020207122,-0.03190527,-0.021934096
4463.560924,-0.017728222,-0.030294689,-0.022409959
4463.58316,-0.005948787,-0.065667822,-0.010810815
4463.605397,-0.008558156,0.00334856,0.008620228
4463.627634,-0.01267723,-0.028922713,-0.027902203
4463.64987,-0.003432611,-0.015799459,0.000371949
4463.672107,-0.013720977,-0.043238989,-0.011108229
4463.694343,-0.019126098,-0.078075262,-0.026831512
4463.71658,-0.014149659,-0.008641321,-0.011802195
4463.738817,-0.011875781,-0.075987471,-0.016322887
4463.761053,-0.017355455,-0.018185505,0.000629707
4463.78329,-0.023878876,-0.050277825,-0.034762551
4463.805526,-0.013776892,-0.032501782,-0.00928409
4463.827763,-0.021157677,-0.04174771,-0.005060813
4463.85,-0.020151207,-0.020094342,-0.013487541
4463.872236,-0.039479171,-0.114641417,-0.049474626
4463.894473,0.009446486,0.003169607,0.011752988
4463.916709,-0.011391184,-0.005002601,-0.004029778
4463.938946,-0.028762122,-0.063460729,-0.032601343
4463.961183,0.013546922,0.053455528,0.004535744
4463.983419,-0.002463417,0.023808905,0.01207023
4464.005656,-0.014839278,-0.016038064,-0.01340823
4464.027892,-0.014019191,-0.035782595,-0.013309092
4464.050129,-0.03002953,-0.027670038,-0.017790129
4464.072366,-0.012826337,-0.00959574,-0.012377195
4464.094602,-0.034148604,-0.099012816,-0.039917725
4464.116839,-0.015733919,-0.019855738,-0.00714271
4464.139075,-0.009266413,-0.041688059,-0.001511673
4464.161312,-0.008930923,-0.013413413,-0.015153059
4464.183548,-0.003022567,-0.018841668,-0.01077116
4464.205785,-0.000823242,-0.050874336,0.000728845
4464.228022,-0.012938167,-0.001005974,0.003802123
4464.250258,-0.014615618,-0.075808518,-0.021557372
4464.272495,-0.015417067,-0.063699334,-0.022013407
4464.294731,-0.024903985,-0.078194564,-0.011445298
4464.316968,0.009595593,0.028759951,0.002473674
4464.339205,-0.020728995,-0.069903054,-0.025661684
4464.361441,-0.026040924,-0.039302013,-0.013428058
4464.383678,-0.01696405,-0.051948057,-0.019316854
4464.405914,-0.016404899,-0.074675146,-0.036586689
4464.428151,-0.008819092,-0.035305386,-0.016243576
4464.450388,-0.007346663,0.004839839,0.010959885
4464.472624,-0.020263037,-0.053856894,-0.023262545
4464.494861,-0.023711131,-0.081177121,-0.039937553
4464.517097,-0.001997458,-0.029519224,-0.007222021
4464.539334,-0.027737013,-0.062088753,-0.015232369
4464.561571,-0.040075598,-0.131284089,-0.038331518
4464.583807,-0.037559421,-0.08678433,-0.043784106
4464.606044,-0.031557874,-0.07491375,-0.012119437
4464.62828,-0.015864387,-0.053976196,-0.019872026
4464.650517,-0.011596206,-0.00237795,-0.013487541
4464.672754,-0.008427687,-0.00649388,-0.000500466
4464.69499,-0.030551403,-0.048428639,-0.027703927
4464.717227,-0.011875781,-0.03035434,-0.033295309
4464.739463,-0.013795531,-0.019736435,-0.02421427
4464.7617,-0.007663515,0.042956925,0.002691777
4464.783937,-0.022126871,-0.058867591,-0.02478927
4464.806173,0.006688011,0.027209021,-0.005457365
4464.82841,-0.02777429,-0.087380841,-0.017909094
4464.850646,-0.01763503,-0.061611544,-0.006329779
4464.872883,-0.012714507,-0.047772477,-0.027763409
4464.89512,-0.016088047,-0.052305964,-0.003613398
4464.917356,-0.00524053,-0.046340849,0.00126419
4464.939593,0.002587575,-0.04019678,-0.001353052
4464.961829,-0.014764725,-0.024448876,-0.014716852
4464.984066,-0.011204801,-0.075152355,-0.0160453
4465.006302,-0.039050489,-0.09770049,-0.016838404
4465.028539,-0.015062938,-0.040972245,-0.019237543
4465.050776,-0.029377188,-0.086187818,-0.033711688
4465.073012,0.008141802,-0.005241206,-0.000857362
4465.095249,-0.023673854,-0.043477594,-0.01852375
4465.117485,-0.013497317,-0.010311553,-0.017790129
4465.139722,-0.008036282,0.012773442,0.009730574
4465.161959,-0.00738394,-0.044789919,0.000173673
4465.184195,-0.028016588,-0.047056663,-0.035198758
4465.206432,-0.019983461,-0.055527126,-0.026474616
4465.228668,-0.02067308,-0.046698756,-0.01283323
4465.250905,-0.015528897,-0.007746554,-0.001571156
4465.273142,-0.033552177,-0.109451767,-0.056553078
4465.295378,-0.014839278,-0.057734219,-0.026137547
4465.317615,-0.018771969,-0.025522597,-0.003712536
4465.339851,-0.022536915,-0.034172014,-0.027009961
4465.362088,-0.015864387,-0.05003922,-0.021597027
4465.384325,-0.021847296,-0.097760142,-0.023480649
4465.406561,-0.02822161,-0.078194564,-0.024372891
4465.428798,-0.030048168,-0.028982364,-0.029190996
4465.451034,-0.007700792,-0.017290738,-0.011207367
4465.473271,-0.028873952,-0.085293051,-0.02627634
4465.495508,-0.014317404,-0.020571551,-0.017135818
4465.517744,-0.025463135,-0.065309915,-0.036963414
4465.539981,-0.012770422,-0.008700972,0.009631436
4465.562217,-0.003190312,-0.012280041,-0.007678055
4465.584454,-0.022331893,-0.065309915,-0.028457375
4465.606691,-0.014354681,-0.031785968,-0.005556502
4465.628927,-0.014969747,-0.04329864,0.004297812
4465.651164,-0.014149659,-0.026954225,-0.020189268
4465.6734,-0.034167242,-0.090005492,-0.033156515
4465.695637,0.002904427,0.005973211,0.00852109
4465.717874,-0.013217742,0.00489949,-0.003395295
4465.74011,-0.023692492,-0.030652596,-0.030519445
4465.762347,-0.004588188,-0.005658764,-0.007816848
4465.784583,-0.009844201,-0.05522887,-0.009720298
4465.80682,-0.004886402,-0.033933409,-0.027565133
4465.829056,-0.014131021,-0.023255853,-0.022984959
4465.851293,-0.016833581,-0.048130383,-0.01027547
4465.87353,-0.017840052,-0.060597474,-0.010969436
4465.895766,-0.017802775,-0.045028524,-0.038212552
4465.918003,0.00545788,0.022198324,0.001977984
4465.940239,-0.028202972,-0.043358291,-0.01069185
4465.962476,-0.012136718,-0.063162474,-0.028635824
4465.984713,-0.013981914,-0.055288522,-0.036844448
4466.006949,-0.028128419,-0.054513057,-0.015787542
4466.029186,-0.019946185,-0.029220968,-0.003058225
4466.051422,-0.016423537,-0.026536667,-0.032740136
4466.073659,-0.005855596,-0.009536088,-0.005457365
4466.095896,-0.024102536,-0.069366193,-0.014102196
4466.118132,-0.007793983,-0.04019678,-0.014340127
4466.140369,-0.006023341,-0.029161317,-0.025721167
4466.162605,-0.015417067,-0.038765153,-0.01077116
4466.184842,-0.006302916,-0.023255853,0.001383156
4466.207079,-0.02833344,-0.039063408,-0.029825479
4466.229315,-0.008688624,-0.012399344,-0.007459952
4466.251552,-0.013702339,-0.082191191,-0.024650477
4466.273788,-0.019759801,-0.053856894,-0.019237543
4466.296025,-0.033999497,-0.09507584,-0.041761692
4466.318262,0.007731758,0.036335647,0.010027988
4466.340498,0.005196943,0.037230414,0.012427127
4466.362735,-0.024549856,-0.061909799,-0.023421166
4466.384971,-0.016255792,-0.057316661,-0.015747887
4466.407208,-0.004010399,-0.029996433,0.001303846
4466.429445,-0.00952735,-0.023912016,-0.008550469
4466.451681,-0.00568785,-0.047354918,-0.032938412
4466.473918,-0.004029038,0.002513444,0.012486609
4466.496154,-0.041641219,-0.101697118,-0.041702209
4466.518391,-0.009769648,-0.030712247,-0.021715993
4466.540628,-0.020728995,-0.042940733,-0.02742634
4466.562864,-0.004383166,-0.018782017,-0.002126328
4466.585101,-0.003115759,0.024107161,-0.014240989
4466.607337,0.006128861,0.023272045,-0.001590983
4466.629574,-0.009285051,-0.054274452,-0.011703057
4466.65181,-0.011428461,-0.02206283,-0.006805641
4466.674047,-0.022238701,-0.091079213,-0.040889278
4466.696284,-0.023226534,-0.061850148,-0.025681512
4466.71852,-0.021660913,-0.024806783,-0.005715123
4466.740757,-0.013422764,-0.030413991,-0.017215129
4466.762993,-0.004196783,-0.015143297,-0.015946163
4466.78523,-0.012024888,-0.033277247,-0.002582363
4466.807467,-0.014615618,-0.027371783,-0.00458495
4466.829703,-0.016740389,-0.038884455,-0.025463408
4466.85194,-0.018007797,-0.081952586,-0.014875472
4466.874176,-0.003637632,-0.012280041,0.001125397
4466.896413,-0.000879157,0.008896117,-0.002463398
4466.91865,-0.013832807,-0.023255853,-0.013487541
4466.940886,-0.01955478,-0.031785968,-0.018840991
4466.963123,0.00693031,0.038662042,0.011733161
4466.985359,-0.008502241,-0.025105039,-0.018741853
4467.007596,-0.004755933,-0.02152597,-0.012040126
4467.029833,-0.016926773,-0.021466319,0.002731432
4467.052069,-0.018809246,-0.045923291,-0.012159092
4467.074306,-0.036086992,-0.073899681,-0.045409969
4467.096542,0.004414133,0.001618677,0.003385743
4467.118779,-0.006284277,-0.010967716,-0.011068574
4467.141016,-0.033123495,-0.02880341,-0.040036691
4467.163252,0.001450636,-0.022838295,-0.01283323
4467.185489,-0.00716028,-0.042045966,0.002394363
4467.207725,-0.012956805,-0.02152597,-0.015827197
4467.229962,-0.012919529,-0.040912594,-0.020863406
4467.252199,0.009427848,0.004302979,0.013735748
4467.274435,-0.020318952,-0.089051073,-0.011544436
4467.296672,-0.028911229,-0.07902968,-0.024412546
4467.318908,-0.009788286,-0.026357713,-0.003197019
4467.341145,-0.031203746,-0.119353858,-0.01638237
4467.363382,-0.007290748,0.006569722,0.0007685
4467.385618,-0.000133623,-0.036140502,-0.013745299
4467.407855,-0.004494996,-0.04741457,-0.002959087
4467.430091,-0.035490565,-0.074794448,-0.027803065
4467.452328,-0.017840052,-0.036856316,-0.023460821
4467.474564,0.013807859,-0.013353762,-0.00870909
4467.496801,-0.010682927,-0.032740386,-0.006627193
4467.519038,-0.025164922,-0.015739808,-0.021834958
4467.541274,-0.026208669,-0.02516469,-0.027089271
4467.563511,-0.022611468,-0.01896097,-0.022112545
4467.585747,-0.006079256,0.002931002,-0.014518576
4467.607984,-0.020244398,-0.050695383,-0.037181517
4467.630221,-0.011913058,-0.040793292,-0.012476333
4467.652457,-0.015323875,-0.036975618,-0.011544436
4467.674694,-0.014615618,-0.01943818,-0.024491856
4467.69693,-0.010291522,-0.033336898,-0.025740995
4467.719167,-0.00242614,0.013548907,0.002909881
4467.741404,-0.011577568,-0.010729111,-0.00977978
4467.76364,-0.03058868,-0.104023512,-0.036289275
4467.785877,-0.009937393,-0.010490507,-0.01184185
4467.808113,0.000910124,-0.045147826,0.008144366
4467.83035,-0.028706207,-0.084696539,-0.046540142
4467.852587,-0.034745031,-0.087679097,-0.033909964
4467.874823,-0.003861293,0.023212394,-0.004247881
4467.89706,-0.013404126,0.013071698,-0.008431504
4467.919296,-0.022760575,-0.073362821,-0.02841772
4467.941533,0.005923839,0.03752867,0.002890053
4467.96377,-0.01211808,-0.03083155,0.008640056
4467.986006,-0.022462361,-0.048249686,-0.014498748
4468.008243,-0.033160772,-0.074973402,-0.019138405
4468.030479,0.001431998,-0.031785968,-0.000282362
4468.052716,-0.031185107,-0.091616073,-0.016818577
4468.074953,-0.011037056,-0.027133178,-0.02379789
4468.097189,-0.016852219,-0.080640261,-0.024372891
4468.119426,-0.021250869,-0.04431271,-0.009859091
4468.141662,-0.014280128,-0.046818058,-0.004029778
4468.163899,-0.017989159,-0.023494458,-0.014340127
4468.186136,-0.006973896,-0.041688059,-0.014161679
4468.208372,-0.00557602,-0.017350389,0.004575399
4468.230609,-0.02484807,-0.057137707,-0.02223151
4468.252845,-0.00771943,-0.03554399,-0.028615996
4468.275082,-0.007644877,-0.010967716,0.007133159
4468.297318,-0.002929375,-0.003153415,-0.012119437
4468.319555,-0.035378735,-0.069604798,-0.022211683
4468.341792,-0.006284277,0.015994604,-0.001590983
4468.364028,-0.019144736,-0.072587356,0.001700397
4468.386265,-0.039385979,-0.102830489,-0.045390142
4468.408501,-0.016870858,-0.062148404,-0.029805652
4468.430738,-0.006191086,-0.010908065,0.003306433
4468.452975,-0.015938941,-0.04848829,-0.024392718
4468.475211,-0.029899061,-0.052186662,-0.029865134
4468.497448,-0.017560477,-0.017350389,-0.008649607
4468.519684,-0.023916152,-0.091019561,-0.012416851
4468.541921,-0.031874726,-0.073183867,-0.035139275
4468.564158,-0.00997467,-0.053260382,-0.032799619
4468.586394,-0.026413691,-0.065727473,-0.007122883
4468.608631,-0.018958352,-0.044909221,-0.032958239
4468.630867,-0.005892872,-0.022361086,-0.027664271
4468.653104,-0.020207122,-0.055825382,-0.020883234
4468.675341,-0.03114783,-0.08678433,-0.025384098
4468.697577,-0.031464682,-0.06089573,-0.027961685
4468.719814,-0.02078491,-0.088275608,-0.031609963
4468.74205,-0.025090368,-0.04741457,-0.005516847
4468.764287,-0.025164922,-0.060179916,-0.028536686
4468.786524,-0.068610905,-0.174113615,-0.075785846
4468.80876,-0.052227799,-0.180138382,-0.055859112
4468.830997,-0.025239475,-0.010908065,-0.003038398
4468.853233,-0.022015041,-0.044133756,-0.021200475
4468.87547,-0.015771195,-0.006434229,-0.012198747
4468.897707,-0.010142415,-0.006911438,-0.01283323
4468.919943,0.006893033,0.040391925,0.012109885
4468.94218,-0.016665836,-0.037691432,-0.032819446
4468.964416,-0.003712186,-0.00339202,-0.012892713
4468.986653,0.000145952,0.028819602,0.01569868
4469.008889,-0.035826055,-0.100683048,-0.053598766
4469.031126,-0.03498733,-0.090780957,-0.035317723
4469.053363,0.007899503,-0.018603063,0.01322023
4469.075599,-0.023207895,-0.02570155,-0.009482366
4469.097836,-0.018361925,-0.0697241,-0.033394446
4469.120072,-0.016460814,-0.034947479,-0.016263404
4469.142309,-0.024214366,-0.039838873,-0.010354781
4469.164546,-0.024195728,-0.075033053,-0.041662554
4469.186782,-0.018921076,-0.054453406,-0.024987546
4469.209019,-0.033869029,-0.109750023,-0.02486858
4469.231255,-0.001960181,-0.017052134,-0.005873744
4469.253492,-0.004476358,-0.009357135,-0.016719439
4469.275729,-0.010030585,-0.016097715,0.001859018
4469.297965,-0.016143962,-0.02981748,-0.017710818
4469.320202,-0.008837731,-0.025761202,-0.023897028
4469.342438,-0.032545706,-0.067218752,-0.034643585
4469.364675,-0.015752557,-0.052962127,0.011752988
4469.386912,-0.01482064,-0.055169219,-0.012377195
4469.409148,0.014106073,-0.012399344,-0.016184094
4469.431385,-0.025556327,-0.092570491,-0.024174615
4469.453621,-0.014615618,-0.024031318,0.011138333
4469.475858,-0.020412143,-0.053320034,-0.027386685
4469.498095,-0.036627504,-0.087798399,-0.041563416
4469.520331,-0.014410596,-0.022480388,0.000966776
4469.542568,-0.009173221,0.010447047,0.00473402
4469.564804,-0.028147057,-0.074854099,-0.028853927
4469.587041,-0.002109288,0.020707045,-0.00771771
4469.609278,-0.013981914,-0.008641321,-0.000222879
4469.631514,-0.023226534,-0.024926086,-0.019277199
4469.653751,-0.037540783,-0.107304326,-0.059388424
4469.675987,-0.009825563,-0.032501782,0.009135746
4469.698224,-0.006787513,-0.067934566,-0.010037539
4469.720461,-0.032452515,-0.103725257,-0.040750484
4469.742697,0.006501628,-0.033993061,-0.005239261
4469.764934,-0.032079748,-0.090900259,-0.015827197
4469.78717,-0.016591283,-0.052425266,-0.014022886
4469.809407,-0.008744539,-0.032561433,-0.024769442
4469.831643,-0.022835128,-0.098356653,-0.016104783
4469.85388,-0.030010891,-0.062327358,-0.024491856
4469.876117,-0.024177089,-0.065130962,-0.032006515
4469.898353,0.003184002,-0.015202948,-0.009759953
4469.92059,-0.023450194,-0.07282596,-0.010949608
4469.942826,-0.009900117,0.01420507,-0.025047029
4469.965063,-0.010962502,-0.001960392,-0.009839263
4469.9873,-0.009285051,-0.011743181,0.004872813
4470.009536,-0.017840052,0.01110321,-0.024670304
4470.031773,-0.012770422,-0.035722944,-0.024154787
4470.054009,-0.024326196,-0.094777584,-0.039124622
4470.076246,-0.000636859,-0.031964921,-0.014954783
4470.098483,-0.010887949,-0.034052712,0.00786678
4470.120719,-0.016367622,-0.038287943,-0.030380652
4470.142956,-0.011297992,-0.020392598,-0.012218575
4470.165192,-0.011242077,-0.011981786,-0.002820294
4470.187429,-0.026357776,-0.040852943,-0.03147117
4470.209666,-0.011167524,-0.042642478,-0.009978056
4470.231902,-0.012658592,-0.043477594,-0.008490987
4470.254139,-0.019610695,-0.032859689,-0.016838404
4470.276375,-0.0249599,-0.074197937,-0.029964272
4470.298612,0.003351747,-0.005778066,0.006756434
4470.320849,-0.038155848,-0.084100028,-0.025503064
4470.343085,-0.035509203,-0.102949792,-0.056077216
4470.365322,-0.007775345,-0.013413413,-0.012178919
4470.387558,-0.017485923,-0.03912306,-0.008947021
4470.409795,-0.016609921,-0.03554399,-0.027128926
4470.432032,-0.029209443,-0.110883395,-0.028734962
4470.454268,-0.0200021,-0.043656547,-0.01638237
4470.476505,-0.011391184,-0.007328996,-0.00408926
4470.498741,-0.029060336,-0.060537823,-0.038509966
4470.520978,0.006277967,-0.046997012,-0.00079788
4470.543215,-0.026376414,-0.019318877,-0.009403056
4470.565451,-0.020095292,-0.0567798,-0.022865993
4470.587688,-0.014280128,-0.047056663,-0.020843579
4470.609924,-0.005631935,-0.051470848,-0.007578917
4470.632161,-0.019405673,-0.017290738,-0.017076335
4470.654397,-0.007775345,0.00591356,-0.028318582
4470.676634,0.004507325,-0.003034113,-0.014439265
4470.698871,-0.005967426,-0.027192829,0.006835745
4470.721107,-0.029843146,-0.034828177,-0.0221522
4470.743344,-0.023058789,-0.087440492,-0.051576352
4470.76558,-0.007402578,-0.023017249,-0.009918573
4470.787817,0.008812782,-0.032442131,0.006221089
4470.810054,-0.015808472,-0.052127011,-0.025899615
4470.83229,-0.012733145,-0.03810899,-0.025185822
4470.854527,-0.007905814,-0.012995855,0.010682298
4470.876763,-0.018250095,-0.07592782,-0.01646168
4470.899,-0.036422482,-0.145779318,-0.04499359
4470.921237,0.006259329,-0.002258648,0.006002986
4470.943473,0.003053534,-0.033933409,-0.005239261
4470.96571,-0.025612242,-0.063878287,-0.042971175
4470.987946,3.41E-05,-0.038347595,-0.008411676
4471.010183,-0.004644103,-0.020213645,-0.001511673
4471.03242,-0.023897514,-0.052663871,-0.041147036
4471.054656,-0.012062165,-0.026775271,-0.021041855
4471.076893,0.010434318,-0.026238411,0.001006432
4471.099129,-0.019592056,-0.047235616,-0.003078053
4471.121366,-0.003637632,-0.025224341,-0.023084097
4471.143603,0.078203343,0.004064374,-0.010037539
4471.165839,0.269880089,-0.027491085,0.006597814
4471.188076,0.304100091,-0.047474221,-0.003276329
4471.210312,0.137529197,0.012475186,-0.020803923
4471.232549,0.153259961,0.259490605,0.041137485
4471.254786,0.087764814,0.333040475,0.232196194
4471.277022,0.004824176,0.144662138,0.334189345
4471.299259,-0.013758254,0.133268768,0.235844472
4471.321495,-0.021567721,0.019752627,0.167260819
4471.343732,-0.007141641,0.005436351,0.063344392
4471.365969,-0.020281675,-0.025224341,0.061619391
4471.388205,-0.015249322,-0.061372939,0.399759203
4471.410442,0.019418001,0.011461117,1
4471.432678,0.05785027,0.084832033,0.640981729
4471.454915,0.451380298,0.465287078,0.407690242
4471.477151,1,1,0.236102231
4471.499388,0.600151572,0.610179725,0.067825428
4471.521625,0.356958439,0.373483956,0.134664252
4471.543861,0.383219868,0.315860943,0.394802305
4471.566098,0.215418843,0.159813531,0.343369522
4471.588334,0.124240057,0.083042499,0.112140104
4471.610571,0.047487349,0.033591694,0.07968233
4471.632808,-0.017318178,-0.099012816,0.014766783
4471.655044,-0.015622089,0.024107161,0.036577138
4471.677281,-0.023431555,0.030967043,0.086483196
4471.699517,-0.007104365,0.276431532,0.060727149
4471.721754,-0.001960181,0.285379205,0.006518503
4471.743991,0.06573429,0.124082491,-0.02314358
4471.766227,0.266021951,0.132612606,-0.014697024
4471.788464,0.300130124,0.030967043,0.004000399
4471.8107,0.113168879,0.053634481,-0.009184952
4471.832937,0.090672396,0.015696349,-0.010870298
4471.855174,0.089945501,0.000127398,0.004377123
4471.87741,0.10673865,-0.00339202,-0.012436678
4471.899647,0.058838102,0.005257397,-0.017314267
4471.921883,-0.018399202,-0.087917702,-0.030935825
4471.94412,-0.009210498,-0.03083155,0.01107885
4471.966357,-0.001084179,0.00126077,5.47E-05
4471.988593,-0.023767046,-0.054990266,-0.021993579
4472.01083,-0.008148112,-0.040793292,-0.005972882
4472.033066,-0.001773798,0.026493207,0.015718507
4472.055303,-0.015398428,-0.010072949,-0.03162979
4472.07754,-0.014205574,-0.037214223,-0.023877201
4472.099776,-0.023077427,-0.076106774,-0.007697883
4472.122013,0.008719591,-0.00392888,-0.011247022
4472.144249,-0.024158451,-0.044551314,-0.038589276
4472.166486,-0.001568776,-0.016276669,-0.005457365
4472.188723,0.007619928,-0.032084224,0.001898673
4472.210959,-0.008409049,-0.023196202,-0.010255643
4472.233196,-0.004718656,-0.013830971,-0.005635813
4472.255432,0.009502401,0.013250651,0.016531439
4472.277669,-0.011614844,-0.054513057,-0.014221162
4472.299905,-0.019480226,-0.079089331,-0.018047888
4472.322142,-0.014857916,-0.049979569,-0.011940988
4472.344379,-0.023636577,-0.080401656,-0.023064269
4472.366615,-0.023170619,-0.069604798,-0.029290134
4472.388852,-0.008409049,-0.023315504,-0.021993579
4472.411088,-0.021791381,-0.032322828,-0.003752191
4472.433325,-0.021996403,-0.04329864,-0.027703927
4472.455562,-0.032806643,-0.096089909,-0.041642726
4472.477798,0.000854209,0.006390769,-2.46E-05
4472.500035,-0.011633483,-0.060179916,0.002037467
4472.522271,-0.015435705,0.021184255,-0.025840133
4472.544508,-0.012658592,-0.077955959,-0.027981513
4472.566745,-0.006806151,0.003587165,0.012684885
4472.588981,-0.020803549,-0.074018983,-0.003950467
4472.611218,-0.010850672,-0.046340849,-0.029587548
4472.633454,-0.01482064,-0.047533872,-0.007995297
4472.655691,-0.005184615,-0.028564806,0.006121951
4472.677928,-0.018492394,-0.061671195,-0.032660825
4472.700164,-0.008968199,0.001499375,-0.002998743
4472.722401,-0.005557382,-0.008343065,0.007331435
4472.744637,-0.014690171,-0.037214223,-0.015172886
4472.766874,-0.023972067,-0.052305964,-0.030499618
4472.789111,-0.000375922,0.029117858,0.010107298
4472.811347,-0.027084671,-0.068590728,-0.014558231
4472.833584,-0.0249599,-0.056899103,-0.030440135
4472.85582,-0.02585454,-0.11476072,-0.034623757
4472.878057,-0.001251924,0.006390769,0.004377123
4472.900294,-0.006060617,-0.019139924,-0.017413405
4472.92253,-0.009117306,-0.009178182,-0.027049616
4472.944767,-0.00209065,-0.001363881,-0.002047018
4472.967003,-0.006806151,-0.019497831,0.009373677
4472.98924,-0.017802775,-0.086724678,-0.025582374
4473.011477,0.004637793,-0.008641321,-0.010553057
4473.033713,-0.000264092,0.015577046,0.010840919
4473.05595,-0.024493941,-0.076643634,-0.018147026
4473.078186,-0.000357284,-0.013890622,-0.016203921
4473.100423,0.015429395,0.018380651,-0.004624606
4473.122659,-0.022760575,-0.065608171,-0.022608235
4473.144896,-0.005706489,-0.01478539,-0.011663402
4473.167133,-0.016442176,-0.014546785,-0.028040996
4473.189369,-0.011875781,-0.044730268,-0.001253914
4473.211606,-0.006358831,-0.005837717,-0.01176254
4473.233842,-0.008875008,-0.015978413,-0.0221522
4473.256079,-0.010477905,0.003050305,0.00233488
4473.278316,-0.014690171,-0.003570973,0.002315053
4473.300552,-0.020095292,-0.061671195,-0.022865993
4473.322789,-0.034260434,-0.078850726,-0.010295298
4473.345025,-0.024177089,-0.127466415,-0.014875472
4473.367262,-0.011055694,-0.04741457,-0.010553057
4473.389499,-0.014969747,-0.074734797,-0.039144449
4473.411735,-0.0175232,-0.066502938,-0.01588668
4473.433972,0.006743926,0.052381807,0.01784006
4473.456208,-0.023916152,-0.089587934,-0.021537544
4473.478445,-0.020263037,-0.069903054,-0.036844448
4473.500682,-0.007439855,0.015517395,-0.000123741
4473.522918,-0.004606826,0.041883204,-0.003355639
4473.545155,-0.033738561,-0.077001541,-0.042178071
4473.567391,0.012540452,0.035858438,0.006637469
4473.589628,-0.041305729,-0.100981304,-0.029686686
4473.611865,-0.038677722,-0.080222703,-0.038053931
4473.634101,-0.019480226,-0.045207477,-0.03246255
4473.656338,-0.023916152,-0.079268285,-0.014736679
4473.678574,-0.021325422,-0.072527704,-0.017373749
4473.700811,-0.01989027,-0.022480388,-0.028516858
4473.723048,0.005495157,0.008120652,-0.006091848
4473.745284,-0.030886894,-0.069366193,-0.003296157
4473.767521,-0.003954484,0.013012047,-0.009839263
4473.789757,-0.022760575,-0.045982942,-0.029825479
4473.811994,-0.031949279,-0.0722891,-0.018127198
4473.834231,-0.006396108,-0.028326201,-0.004465985
4473.856467,-0.01808235,-0.002020043,-0.026573754
4473.878704,-0.008949561,-0.030473643,-0.006924607
4473.90094,-0.030402297,-0.058509684,-0.019772888
4473.923177,0.0182997,0.044448204,-0.002265122
4473.945413,-0.010496544,-0.060537823,-0.033077205
4473.96765,-0.000674135,-0.046102244,-0.001690121
4473.989887,-0.022331893,-0.069366193,-0.016184094
4474.012123,-0.018566947,-0.039540618,-0.020288406
4474.03436,-0.009117306,-0.055049917,-0.011028919
4474.056596,-0.000935072,-0.017111785,-0.003137536
4474.078833,-0.019051544,-0.052186662,-0.015034093
4474.10107,-0.01582711,-0.057137707,-0.022965131
4474.123306,0.002587575,0.009134722,0.003346088
4474.145543,-0.015733919,-0.019676784,-0.014300472
4474.167779,-0.018697416,-0.077240145,-0.025840133
4474.190016,-0.012751783,0.002095886,-0.008669435
4474.212253,-0.023524747,-0.005957019,-0.003890984
4474.234489,-0.004960955,-0.007150042,-0.022984959
4474.256726,-0.015994856,-0.063699334,-0.035198758
4474.278962,-0.004364528,-0.040495036,-0.004684088
4474.301199,-0.008092197,-0.043775849,-0.025185822
4474.323436,-0.011875781,-0.026775271,-0.026494443
4474.345672,-0.011819866,-0.051291894,-0.017492715
4474.367909,-0.022723298,-0.107363977,-0.024075477
4474.390145,-0.008185389,-0.046161895,-0.015212541
4474.412382,-0.01571528,-0.032084224,-0.021041855
4474.434619,-0.01312455,-0.045744337,-0.005596158
4474.456855,-0.025369943,-0.077180494,-0.02116082
4474.479092,-0.020878102,-0.031964921,-0.015946163
4474.501328,0.00286715,-0.04067399,-0.006627193
4474.523565,-0.030159998,-0.095016189,-0.00962116
4474.545802,-0.011782589,0.005496002,-0.017968577
4474.568038,-0.04061611,-0.067815263,-0.033969447
4474.590275,-0.287872402,-0.914921266,-0.305865263
4474.612511,-0.186778016,-0.566081332,-0.19613935
4474.634748,-0.02766246,-0.080640261,-0.033890136
4474.656984,-0.009713733,-0.046519802,-0.010097022
4474.679221,-0.020617165,-0.056004335,0.003960743
4474.701458,-0.022052318,-0.03035434,-0.018067715
4474.723694,-0.002444778,-0.044789919,-0.021339268
4474.745931,-0.019498865,-0.065608171,-0.005695296
4474.768167,-0.013646424,-0.088156306,-0.007876331
4474.790404,-0.034931415,-0.071573286,-0.035317723
4474.812641,-0.014615618,0.006152164,-0.020308233
4474.834877,0.000239143,-0.036259804,0.018811612
4474.857114,-0.016852219,-0.003511322,-0.02108151
4474.87935,-0.018473755,-0.038287943,-0.021378924
4474.901587,-0.000133623,0.02559844,0.008481435
4474.923824,-0.025910455,-0.05880794,-0.025740995
4474.94606,-0.009117306,-0.011743181,-0.017274611
4474.968297,-0.014541065,-0.012518646,-0.014875472
4474.990533,-0.017430008,-0.089468631,-0.010057367
4475.01277,-0.017243625,-0.008343065,-0.019951337
4475.035007,-0.018678777,-0.052842824,-0.022310821
4475.057243,0.00523422,-0.026655969,0.004020226
4475.07948,-0.011484376,-0.027371783,-0.004862537
4475.101716,-0.016274431,-0.014009925,-0.018285819
4475.123953,-0.004289975,-0.066801194,-0.02124013
4475.14619,-0.021325422,-0.084636888,-0.018662543
4475.168426,-0.010552459,-0.008879926,-0.002483225
4475.190663,-0.019256566,-0.032024573,-0.027624616
4475.212899,-0.024251643,-0.059762358,-0.009601332
4475.235136,0.003370386,-0.020094342,0.004515916
4475.257373,-0.014056468,0.001022165,-0.010116849
4475.279609,-0.00727211,0.017903441,-0.006389262
4475.301846,0.002662128,0.053276574,0.01371592
4475.324082,-0.023245172,-0.056600847,-0.013586679
4475.346319,-0.019741163,-0.045982942,-0.043486693
4475.368556,-0.019405673,-0.048011081,-0.007816848
4475.390792,-0.014541065,-0.064176543,-0.018979785
4475.413029,-0.038901382,-0.07849282,-0.033632378
4475.435265,-0.005743765,0.006211816,-0.006666848
4475.457502,-0.005315084,-0.030473643,0.001918501
4475.479738,-0.019964823,0.0028117,-0.021101337
4475.501975,-0.021623636,-0.081296424,-0.040135829
4475.524212,-0.008390411,-0.011564228,-0.01027547
4475.546448,-0.005613297,-0.039779222,-0.007222021
4475.568685,-0.030346382,-0.086128167,-0.046044452
4475.590921,0.004227749,-0.047056663,-0.01852375
4475.613158,-0.025202198,-0.063043171,-0.005774606
4475.635395,-0.001214647,0.013191,0.004714192
4475.657631,-0.000841881,-0.027192829,-0.024194442
4475.679868,-0.001177371,-0.04174771,-0.017988405
4475.702104,-0.022872405,-0.092570491,-0.02578065
4475.724341,-0.001196009,-0.028505155,-0.007340986
4475.746578,-0.005836957,-0.036140502,-0.010097022
4475.768814,-0.008222665,-0.012280041,-0.001987535
4475.791051,-0.014746086,-0.067695961,-0.017115991
4475.813287,-0.020840825,-0.093882817,-0.022370303
4475.835524,-0.026711904,-0.066443287,-0.014617714
4475.857761,-0.009993308,-0.031249108,-0.00607202
4475.879997,-0.001941543,-0.019080273,-0.023024614
4475.902234,-0.004532273,-0.029340271,-0.016937542
4475.92447,-0.011503014,-0.032561433,-0.006984089
4475.946707,-0.007980367,-0.010967716,-0.016858232
4475.968944,-0.01448515,0.001499375,-0.037954793
4475.99118,0.005737455,-0.014009925,-0.007301331
4476.013417,-0.0125654,-0.049621662,-0.003732364
4476.035653,-0.024251643,-0.081057819,-0.038569449
4476.05789,-0.023114704,-0.062685264,-0.032700481
4476.080127,0.00737763,0.024345766,0.025255581
4476.102363,-0.006694321,-0.044730268,-0.000936673
4476.1246,-0.079719359,-0.233466511,-0.08407378
4476.146836,-0.219935633,-0.686874914,-0.227982468
4476.169073,-0.021772743,-0.062029102,-0.01951513
4476.19131,-0.00771943,-0.041151199,-0.018821164
4476.213546,-0.009844201,-0.057316661,-0.01695737
4476.235783,-0.012248548,-0.035782595,-0.006210813
4476.258019,-0.011447099,-0.016694227,-0.007856504
4476.280256,-0.02214551,-0.046818058,-0.032740136
4476.302492,0.015354842,0.008896117,-0.003791847
4476.324729,-0.004811848,0.001201119,0.000371949
4476.346966,-0.027345608,-0.015083646,-0.025047029
4476.369202,-0.028296164,-0.064474799,-0.030281514
4476.391439,-0.016125324,-0.048070732,-0.003395295
4476.413675,-0.027345608,-0.035126432,-0.018880647
4476.435912,-0.023729769,-0.060597474,-0.022945304
4476.458149,-0.012043526,-0.033515851,-0.011207367
4476.480385,-0.023897514,-0.053498987,-0.013745299
4476.502622,-0.014429235,-0.018543412,-0.028179789
4476.524858,-0.0175232,-0.108139442,-0.019990992
4476.547095,-0.005165977,-0.034708874,-0.013348748
4476.569332,-0.01482064,-0.01323446,-0.01019616
4476.591568,-0.001419669,-0.02206283,-0.010652195
4476.613805,-0.021083124,-0.019020622,-0.018801336
4476.636041,-0.019256566,-0.032561433,-0.017472887
4476.658278,-0.019349758,-0.074018983,-0.032720308
4476.680515,-0.011316631,-0.038168641,-0.03369186
4476.702751,-0.022872405,-0.018901319,-0.013110816
4476.724988,-0.006619768,-0.005718415,-0.015985818
4476.747224,-0.017690945,-0.014546785,-0.02784272
4476.769461,-0.015845749,0.001678328,-0.009759953
4476.791698,-0.005725127,-0.049919918,-0.00442633
4476.813934,-0.028184334,-0.066264334,-0.038410828
4476.836171,-0.01482064,-0.049323406,-0.019713406
4476.858407,0.002289361,-0.019497831,0.001244363
4476.880644,-0.010943864,-0.045803989,-0.007261676
4476.902881,-0.019573418,-0.082071889,-0.031094445
4476.925117,0.00027642,-0.018841668,-0.012872885
4476.947354,-0.01582711,0.012236582,-0.000500466
4476.96959,-0.013702339,-0.023434807,-0.024234097
4476.991827,-0.003488526,-0.036498409,-0.006091848
4477.014064,-0.017392731,-0.029101666,0.002374536
4477.0363,-0.013944638,-0.006553531,-0.013646161
4477.058537,-0.011614844,-0.020332947,-0.024015994
4477.080773,-0.010347437,0.004839839,-0.006210813
4477.10301,-0.01830601,-0.048368988,-0.012059954
4477.125246,-0.021474529,-0.030592945,-0.034346171
4477.147483,-0.02315198,-0.068292473,-0.029468583
4477.16972,-0.020952655,-0.069246891,-0.010453919
4477.191956,-0.018939714,-0.022599691,-0.015847025
4477.214193,-0.023058789,-0.076047122,-0.022548752
4477.236429,-0.01763503,-0.009416786,-0.003494433
4477.258666,-0.003674909,0.018261348,0.001621087
4477.280903,0.005830647,-0.021704923,0.003009019
4477.303139,-0.03577014,-0.101040955,-0.038628932
4477.325376,-0.011372546,-0.052544569,-0.008570297
4477.347612,-0.008222665,-0.031249108,-0.006825469
4477.369849,-0.014802001,-0.05570608,-0.020724613
4477.392086,-0.000655497,-0.005778066,0.00110557
4477.414322,0.003184002,0.039556809,0.014727128
4477.436559,-0.026152754,-0.048428639,-0.02322289
4477.458795,-0.009844201,-0.051112941,-0.020466854
4477.481032,-0.013814169,-0.073243518,-0.016025473
4477.503269,-0.012807698,-0.053498987,-0.016917715
4477.525505,-0.024754878,-0.093584561,-0.024095304
4477.547742,0.014292456,0.02977402,0.000669362
4477.569978,-0.015771195,-0.047056663,0.004714192
4477.592215,-0.018548309,-0.003034113,-0.020823751
4477.614452,-0.032322046,-0.09197398,-0.02685134
4477.636688,0.005103752,0.001320421,-0.00030219
4477.658925,-0.016386261,-0.039480966,-0.015053921
4477.681161,-0.006806151,-0.025224341,-0.022429786
4477.703398,-0.004867763,-0.018483761,-0.009740125
4477.725635,-0.0299177,-0.102711187,-0.027545306
4477.747871,-0.010459267,-0.004704345,-0.017591853
4477.770108,-0.005203253,-0.0075676,-0.014300472
4477.792344,-0.014671533,-0.044968872,-0.010315125
4477.814581,-0.010627012,-0.033635154,-0.003910812
4477.836818,-0.024419388,-0.054930615,-0.02627634
4477.859054,-0.001475584,-0.02516469,-0.008034952
4477.881291,-0.012751783,-0.019796086,-0.00615133
4477.903527,-0.054464401,-0.144407342,-0.046619453
4477.925764,-0.097742639,-0.289896501,-0.108858275
4477.948,0.005998392,0.015219139,0.021369372
4477.970237,-0.02766246,-0.036677362,-0.015014266
4477.992474,-0.023580662,-0.086187818,-0.045509107
4478.01471,-0.021623636,-0.050098871,-0.029131513
4478.036947,-0.004289975,0.038483089,0.019961613
4478.059183,-0.005520105,0.02148251,-0.018860819
4478.08142,-0.029451741,-0.125497927,-0.045628073
4478.103657,-0.020691719,-0.030771898,-0.018801336
4478.125893,-0.015584812,-0.01943818,-0.001392707
4478.14813,-0.032023833,-0.08475619,-0.039957381
4478.170366,0.000574634,-0.005778066,-0.014082369
4478.192603,-0.013646424,-0.010072949,-0.004366847
4478.21484,0.000406889,-0.021347016,-0.001888397
4478.237076,-0.001494223,-0.039302013,-0.028080651
4478.259313,-0.007775345,-0.035663293,-0.010176332
4478.281549,-0.009545988,-0.07020131,-0.010969436
4478.303786,-0.014391958,0.007166234,-0.011881505
4478.326023,-0.007197556,-0.028385852,-0.015906507
4478.348259,-0.011558929,-0.023673411,-0.002066846
4478.370496,-0.023077427,-0.062327358,-0.027069444
4478.392732,-0.016647198,-0.049979569,-0.030816859
4478.414969,-0.015398428,-0.022659342,-0.002126328
4478.437206,-0.001512861,0.007166234,-0.006587537
4478.459442,-0.011540291,-0.000767369,-0.001630639
4478.481679,-0.014447873,-0.065846775,-0.011544436
4478.503915,-0.01819418,-0.059225498,-0.016818577
4478.526152,0.004917368,0.02714937,-0.005140123
4478.548389,-0.009825563,-0.074078634,-0.024491856
4478.570625,-0.023767046,-0.049084802,-0.025899615
4478.592862,0.006501628,0.010864605,-0.006171158
4478.615098,-0.028314802,-0.083980726,-0.030539273
4478.637335,-0.033701284,-0.073899681,-0.037816
4478.659572,-0.012136718,-0.063341427,-0.000738397
4478.681808,-0.010906587,-0.040733641,-0.015847025
4478.704045,-0.004960955,-0.031964921,-0.01324961
4478.726281,0.002102978,0.007046932,0.009710746
4478.748518,-0.019051544,-0.039302013,-0.000837535
4478.770754,-0.0323966,-0.083980726,-0.033136688
4478.792991,-0.003786739,0.008120652,-0.003653053
4478.815228,-0.00952735,-0.000528765,0.013795231
4478.837464,-0.010123777,-0.044491663,-0.01176254
4478.859701,-0.013814169,-0.007806205,-0.027703927
4478.881937,-0.036142907,-0.101995373,-0.031609963
4478.904174,-0.011372546,-0.087082585,-0.025641857
4478.926411,-0.017467285,-0.063639683,-0.032303929
4478.948647,-0.001233286,-0.011504576,-0.014062541
4478.970884,-0.007756707,0.003050305,0.007807297
4478.99312,-0.009340966,-0.010609809,-0.011861678
4479.015357,-0.02585454,-0.077836657,-0.022588407
4479.037594,-0.015845749,-0.0697241,-0.02066513
4479.05983,5.28E-05,-0.014606436,0.002929708
4479.082067,-0.015528897,-0.018245157,-0.022409959
4479.104303,-0.016125324,-0.023673411,-0.019554785
4479.12654,-0.025127645,-0.0205119,-0.011088402
4479.148777,0.003426301,0.028759951,0.003881433
4479.171013,-0.046039869,-0.089110725,-0.044319452
4479.19325,-0.018287372,-0.044789919,-0.019693578
4479.215486,-0.015547535,0.000366003,-0.013943575
4479.237723,-0.02732697,-0.090244096,-0.029686686
4479.25996,-0.021623636,-0.051172592,-0.032284101
4479.282196,-0.002556608,-0.012697599,0.012803851
4479.304433,-0.039404618,-0.10181642,-0.024333235
4479.326669,-0.04083977,-0.125199671,-0.035337551
4479.348906,-0.004401805,-0.018364459,-0.003593571
4479.371143,-0.015901664,-0.072348751,-0.003633226
4479.393379,-0.036646142,-0.059404451,-0.053301352
4479.415616,0.005588349,0.018320999,-0.008986677
4479.437852,-0.014298766,-0.038168641,0.005665917
4479.460089,-0.021716828,-0.055288522,-0.023242718
4479.482325,-0.013217742,-0.074138286,-0.025324615
4479.504562,-0.02067308,-0.028564806,-0.016897887
4479.526799,-0.016050771,-0.070917123,-0.008788401
4479.549035,-0.011503014,-0.04276178,-0.016838404
4479.571272,-0.016442176,0.002394142,-0.019078923
4479.593508,-0.026861011,-0.13963525,-0.016065128
4479.615745,-0.01312455,-0.025522597,-0.016144438
4479.637982,-0.02822161,-0.098118048,-0.029686686
4479.660218,-0.008725901,-0.019080273,-0.01283323
4479.682455,-0.022946958,-0.083205261,-0.02379789
4479.704691,-0.023580662,-0.040375734,-0.013527196
4479.726928,-0.01560345,-0.057853521,-0.025007374
4479.749165,-0.008353134,0.014384023,0.007133159
4479.771401,-0.014503788,-0.023912016,-0.008649607
4479.793638,-0.007663515,-0.043000384,-0.030241859
4479.815874,-0.00220248,-0.015560855,-0.004664261
4479.838111,-0.025705434,-0.052186662,-0.009482366
4479.860348,-0.023357002,-0.065787124,-0.020982372
4479.882584,-0.010011947,-0.055109568,-0.02833841
4479.904821,-0.000450475,-0.032978991,0.006042641
4479.927057,-0.022909682,-0.052962127,-0.028853927
4479.949294,-0.001382393,-0.037691432,-0.015153059
4479.971531,-0.01808235,-0.023375156,-0.019455647
4479.993767,-0.041100707,-0.115894092,-0.028715134
4480.016004,-0.04039245,-0.087201888,-0.031530653
4480.03824,-0.017280901,-0.044551314,-0.022469441
4480.060477,-0.012267186,-0.034231665,-0.007420296
4480.082714,-0.010366075,0.01366821,-0.005556502
4480.10495,-0.025891817,-0.044253059,-0.035238413
4480.127187,0.01019202,-0.014129227,-0.003752191
4480.149423,-0.021418614,-0.015023994,0.001502121
4480.17166,-0.010142415,-0.037214223,-0.028437548
4480.193897,-0.010440629,-0.012101088,-0.025027201
4480.216133,-0.00771943,-0.046877709,-0.011564264
4480.23837,0.00456324,-0.005002601,0.004555571
4480.260606,-0.012639953,-0.017290738,-0.041127209
4480.282843,-0.022182786,-0.045744337,-0.022211683
4480.305079,-0.011223439,-0.031249108,-0.003772019
4480.327316,-0.006097894,0.001916933,-0.007935814
4480.349553,-0.005296445,-0.036379107,-0.03047979
4480.371789,-0.025202198,-0.064474799,-0.001908225
4480.394026,-0.003693547,-0.052663871,-0.005298744
4480.416262,-0.013404126,-0.018245157,-0.02470996
4480.438499,-0.024866708,-0.076166425,-0.027148754
4480.460736,-0.01482064,-0.023792714,0.007034021
4480.482972,-0.023711131,-0.07956654,-0.035119447
4480.505209,-0.038155848,-0.12824188,-0.046183246
4480.527445,0.010229297,0.035500531,0.010424539
4480.549682,-0.000953711,-0.007686903,-0.008788401
4480.571919,-0.032079748,-0.059464102,-0.040591864
4480.594155,0.003985451,-0.027908643,-0.011802195
4480.616392,-0.008222665,-0.038228292,0.004436606
4480.638628,-0.025724072,-0.070797821,-0.040274622
4480.660865,-0.001009626,-0.060716776,-0.027406513
4480.683102,-0.010738842,-0.01585911,0.009532298
4480.705338,-0.015230683,-0.038287943,-0.01654099
4480.727575,-0.01977844,-0.060239567,-0.033652205
4480.749811,-0.005930149,-0.035782595,-0.004327192
4480.772048,-0.016740389,-0.028564806,-0.003593571
4480.794285,-0.016237154,-0.04950236,-0.030876342
4480.816521,-0.019927546,-0.029220968,-0.040472898
4480.838758,-0.009564626,-0.014308181,-0.006210813
4480.860994,-0.00535236,-0.019557482,-0.005338399
4480.883231,-0.007812622,-0.030294689,-0.019495302
4480.905468,-0.007980367,-0.044253059,-0.020922889
4480.927704,-0.028165695,-0.095732002,-0.018979785
4480.949941,-0.025835902,-0.035961549,-0.023976339
4480.972177,-0.023506109,-0.113806301,-0.03311686
4480.994414,-0.012155356,0.013906814,-0.000540121
4481.016651,-0.105924873,-0.300037196,-0.099638443
4481.038887,-0.047009063,-0.10491828,-0.057603941
4481.061124,-0.011950335,-0.081833284,-0.017215129
4481.08336,0.006706649,0.019454371,0.017403853
4481.105597,-0.0076076,-0.038049339,-0.007975469
4481.127833,-0.072469043,-0.196721402,-0.078918606
4481.15007,-0.01785869,-0.04121085,-0.005239261
4481.172307,-0.00941552,-0.003570973,-0.011722885
4481.194543,-0.01696405,-0.046460151,-0.009859091
4481.21678,0.012130408,0.031682857,0.007767642
4481.239016,-0.004830487,-0.047593523,-0.00557633
4481.261253,-0.009732371,0.00901542,-0.010057367
4481.28349,-0.019293843,-0.083861423,-0.031570308
4481.305726,-0.012621315,-0.022659342,0.0007685
4481.327963,-0.024643048,-0.075331309,-0.016005645
4481.350199,-0.001997458,0.00853821,-0.007182365
4481.372436,-0.005650574,-0.002020043,-0.003712536
4481.394673,-0.022518276,-0.046877709,-0.005516847
4481.416909,-0.014317404,-0.023554109,-0.007440124
4481.439146,-0.024046621,-0.073303169,-0.041186691
4481.461382,-0.013497317,-0.030294689,0.00580471
4481.483619,-0.008856369,0.003109956,0.017959026
4481.505856,-0.015007023,-0.033157944,-0.027684099
4481.528092,-0.003413972,0.04218146,-0.002165984
4481.550329,-0.010179692,0.036574252,0.009353849
4481.572565,-0.015398428,-0.035961549,-0.020347889
4481.594802,-0.024195728,-0.058032475,-0.028596168
4481.617039,0.002457107,0.003706467,0.007609021
4481.639275,-0.005762404,-0.007090391,-0.002066846
4481.661512,-0.029619486,-0.066502938,-0.036725483
4481.683748,-0.009452796,-0.006195624,0.00217626
4481.705985,-0.009266413,-0.012458995,0.010166781
4481.728222,-0.019256566,-0.043000384,-0.022013407
4481.750458,-0.017019965,-0.06035887,-0.036309103
4481.772695,-0.015007023,-0.040495036,-0.010315125
4481.794931,-0.02585454,-0.088096655,-0.009184952
4481.817168,-0.036534312,-0.07801561,-0.039521173
4481.839405,-0.007626238,-0.032203526,-0.016223749
4481.861641,-0.007849899,0.025180882,0.003544364
4481.883878,-0.020878102,-0.027908643,-0.025027201
4481.906114,-0.017802775,-0.02725248,-0.030658238
4481.928351,-0.00749577,-0.043716198,-0.020288406
4481.950587,-0.00963918,-0.05779387,-0.013051334
4481.972824,-0.02732697,-0.056183289,-0.038787552
4481.995061,0.014683861,0.010924257,0.003088329
4482.017297,-0.01537979,-0.046102244,-0.015371162
4482.039534,-0.013553232,-0.026596318,-0.02578065
4482.06177,-0.018678777,-0.077120843,-0.04094876
4482.084007,-0.016609921,-0.07073817,-0.021299613
4482.106244,-0.021474529,-0.039719571,-0.009303918
4482.12848,-0.026208669,-0.01943818,-0.025324615
4482.150717,-0.007439855,-0.043179338,-0.007618572
4482.172953,-0.019070183,-0.033396549,-0.007241848
4482.19519,-0.017877328,-0.040316083,-0.018781509
4482.217427,-0.01334821,-0.087440492,-0.033949619
4482.239663,-0.002780269,-0.017350389,-0.004485812
4482.2619,-0.024083898,-0.044968872,-0.015985818
4482.284136,-0.026469606,-0.026596318,-0.02899272
4482.306373,-0.013870084,-0.039003757,-0.025740995
4482.32861,-0.009937393,-0.056958754,0.004258157
4482.350846,-0.01234174,-0.01997504,-0.013626334
4482.373083,-0.026506882,-0.106648163,-0.038073759
4482.395319,-0.01797052,-0.072885611,-0.025066856
4482.417556,0.000984677,-0.014308181,-0.002324604
4482.439793,-0.020654442,-0.033575502,-0.028397892
4482.462029,-0.016143962,-0.062327358,-0.02173582
4482.484266,0.015205735,-0.011743181,0.025414202
4482.506502,-0.003954484,-0.010908065,-0.009522022
4482.528739,-0.030980085,-0.125796183,-0.05439187
4482.550976,-0.00253797,-0.017588994,0.003127984
4482.573212,-0.011503014,-0.021704923,-0.003375467
4482.595449,-0.038304955,-0.06554852,-0.043843589
4482.617685,-0.023450194,-0.066443287,-0.034504792
4482.639922,-0.018324649,-0.011504576,-0.00977978
4482.662159,-0.017169071,-0.059285149,-0.02124013
4482.684395,0.006818479,0.014503326,-0.01019616
4482.706632,-0.014913831,-0.072706658,-0.015549611
4482.728868,-0.00716028,-0.040077478,-0.009244435
4482.751105,-0.020635804,-0.062029102,-0.019990992
4482.773341,-0.004084953,-0.054751661,-0.031153928
4482.795578,-0.017840052,-0.058390382,-0.002978915
4482.817815,-0.011801228,-0.044968872,-0.000897018
4482.840051,-0.017690945,-0.015799459,-0.030499618
4482.862288,-0.015845749,-0.057972823,-0.011663402
4482.884524,-0.003041205,0.020647394,0.010860747
4482.906761,-0.014988385,-0.048130383,-0.028001341
4482.928998,-0.011652121,-0.032621084,-0.016263404
4482.951234,-0.028072503,-0.061372939,-0.010929781
4482.973471,-0.028407994,-0.055646429,-0.027684099
4482.995707,0.001730211,0.002632746,-0.018226336
4483.017944,-0.029414464,-0.094538979,-0.028516858
4483.040181,-0.005445552,-0.020631203,-0.011247022
4483.062417,-0.012379016,-0.010371205,-0.019634095
4483.084654,-0.027476076,0.010685652,-0.038866863
4483.10689,-0.024587133,-0.078254215,-0.025959098
4483.129127,-0.01312455,-0.027312132,-0.011703057
4483.151364,-0.020281675,-0.08421933,-0.038133242
4483.1736,0.008477292,0.036275996,-0.000579776
4483.195837,-0.022909682,-0.054334103,-0.008094435
4483.218073,-0.018343287,-0.057018405,-0.022112545
4483.24031,-0.007905814,-0.032740386,-0.017234956
4483.262547,-0.005277807,0.009075071,0.001204708
4483.284783,-0.000450475,-0.018304808,-0.003256501
4483.30702,-0.027177863,-0.047653174,-0.034960827
4483.329256,-0.010440629,-0.028505155,-0.021259958
4483.351493,-0.019331119,-0.051172592,-0.015549611
4483.37373,-0.000580944,0.007524141,-0.011365988
4483.395966,-0.005631935,-0.010072949,-0.022390131
4483.418203,-0.015920302,-0.036856316,-0.010790988
4483.440439,-0.024549856,-0.055288522,-0.022449614
4483.462676,-0.020300313,-0.056063987,-0.026454788
4483.484913,-0.00220248,-0.025641899,0.001244363
4483.507149,-0.006619768,-0.028624457,0.007053848
4483.529386,-0.027233778,-0.067218752,-0.039937553
4483.551622,-0.010440629,-0.02361376,-0.018801336
4483.573859,-0.019629333,-0.040793292,0.005348675
4483.596095,-0.010123777,-0.029877131,0.008203849
4483.618332,-0.021847296,-0.062685264,-0.016997025
4483.640569,-0.020374867,-0.064116892,-0.024472029
4483.662805,-0.020766272,-0.053677941,-0.000361672
4483.685042,-0.002444778,0.017664837,-0.00870909
4483.707278,-0.022350531,-0.081415726,-0.035476344
4483.729515,-0.009695095,-0.025224341,-0.009640987
4483.751752,0.007545375,-0.013711669,-0.007697883
4483.773988,-0.015696642,-0.037691432,-0.02792203
4483.796225,-0.004755933,-0.019676784,-0.014141851
4483.818461,-0.02033759,-0.047891779,-0.001769432
4483.840698,-0.027830205,-0.096984677,-0.031867722
4483.862935,0.006035669,-0.034708874,-0.012892713
4483.885171,-0.011782589,-0.028684108,-0.008431504
4483.907408,-0.028240249,-0.069246891,-0.02165651
4483.929644,-0.020728995,-0.080461308,-0.035278068
4483.951881,-0.006545214,-0.034172014,-0.004465985
4483.974118,-0.021903211,-0.02570155,-0.001571156
4483.996354,-0.014317404,-0.040435385,-0.026415133
4484.018591,0.013491007,0.040869135,-0.00656771
4484.040827,-0.01278906,-0.05725701,-0.013348748
4484.063064,-0.023077427,-0.031547363,-0.021874614
4484.085301,-0.027233778,-0.036737014,-0.019217716
4484.107537,-0.005631935,0.002334491,0.00580471
4484.129774,-0.031912003,-0.084994795,-0.028556513
4484.15201,-0.038491339,-0.073720727,-0.04350652
4484.174247,-0.024829431,-0.063818636,-0.024372891
4484.196484,-0.022070956,-0.063520381,-0.013765127
4484.21872,-0.006023341,0.010208443,0.007093503
4484.240957,-0.006601129,-0.014725739,-0.027109099
4484.263193,-0.005613297,0.003467863,-0.001690121
4484.28543,-0.020710357,-0.004704345,0.006439193
4484.307666,-0.026618713,-0.072110146,-0.03147117
4484.329903,-0.027979312,-0.047593523,-0.028437548
4484.35214,-0.013609147,-0.020392598,-0.008530642
4484.374376,-0.013049997,-0.002616555,-0.015331507
4484.396613,-0.042666328,-0.104142815,-0.047848764
4484.418849,-0.008595432,-0.040495036,-0.012575471
4484.441086,-0.000357284,0.00901542,0.003028846
4484.463323,-0.021213592,-0.042582826,-0.037855655
4484.485559,-0.012062165,-0.045505733,-0.025939271
4484.507796,-0.010291522,-0.007448298,-0.002165984
4484.530032,-0.012938167,-0.026238411,-0.016342714
4484.552269,-0.019946185,-0.078552471,-0.033909964
4484.574506,0.005271497,0.008657513,-0.002344432
4484.596742,-0.019368396,-0.049442709,-0.008173745
4484.618979,-0.022946958,-0.048726895,-0.020367716
4484.641215,-0.003153035,-0.009536088,-0.024333235
4484.663452,-0.007290748,-0.039958176,0.007589193
4484.685689,-0.025090368,-0.028385852,-0.020684958
4484.707925,-0.004084953,-0.006851787,-0.012674609
4484.730162,-0.013329572,-0.021645272,-0.008253055
4484.752398,-0.012304463,-0.04693736,-0.001491845
4484.774635,-0.030215913,-0.050397127,-0.017195301
4484.796872,-0.024512579,-0.065667822,-0.032799619
4484.819108,-0.020412143,-0.042940733,-0.017730646
4484.841345,0.004712346,6.77E-05,0.0074504
4484.863581,-0.034484094,-0.079268285,-0.033354791
4484.885818,-0.017802775,-0.132059554,-0.035416861
4484.908055,-0.002687077,-0.048249686,-0.016342714
4484.930291,-0.004383166,-0.047832128,-0.023064269
4484.952528,-0.047083616,-0.092988049,-0.053281525
4484.974764,-0.016088047,-0.073362821,-0.013209954
4484.997001,-0.039609639,-0.043417942,-0.023123752
4485.019238,-0.033533539,-0.072110146,-0.041880657
4485.041474,0.005867924,0.050890528,0.000966776
4485.063711,-0.012919529,-0.052484918,-0.008808228
4485.085947,-0.031278299,-0.082012238,-0.030757376
4485.108184,-0.023506109,-0.004823647,-0.028378065
4485.13042,0.006222052,0.015219139,0.006181434
4485.152657,-0.014783363,-0.0101326,-0.014657369
4485.174894,-0.016032132,-0.039242362,-0.022370303
4485.19713,-0.002612523,-0.017767947,0.006062468
4485.219367,-0.018548309,-0.076762936,-0.008391849
4485.241603,-0.024363473,-0.052246313,-0.027803065
4485.26384,-0.014802001,-0.045326779,-0.027604789
4485.286077,-0.00298529,-0.079685843,0.004575399
4485.308313,-0.023058789,-0.030592945,-0.008034952
4485.33055,-0.022723298,-0.011444925,-0.018325474
4485.352786,-0.004644103,0.065326107,-0.006250468
4485.375023,-0.031315576,-0.032322828,-0.013923748
4485.39726,-0.016255792,-0.037154572,-0.018543578
4485.419496,-0.023450194,-0.071215379,-0.03509962
4485.441733,-0.019871631,-0.024747132,-0.019197888
4485.463969,-0.009769648,-0.007388647,-0.012357368
4485.486206,-0.027382885,-0.096686421,-0.037181517
4485.508443,-0.010477905,-0.057018405,-0.026514271
4485.530679,-0.006153809,-0.027371783,-0.002780639
4485.552916,-0.016721751,-0.0334562,-0.032383239
4485.575152,-0.022760575,-0.0722891,-0.037260828
4485.597389,-0.008185389,-0.055885033,-0.0143203
4485.619626,-0.015510259,-0.045744337,-0.01069185
4485.641862,-0.028668931,-0.068888984,-0.024987546
4485.664099,-0.012304463,-0.033217596,-0.012615126
4485.686335,0.000593272,0.008896117,-0.00087719
4485.708572,-0.017653668,-0.036975618,-0.016481508
4485.730809,-0.027457438,-0.068769682,-0.040552208
4485.753045,0.000593272,0.004839839,-0.004644433
4485.775282,-0.023282449,-0.031666666,-0.015688404
4485.797518,-0.027308331,-0.102055024,-0.05133842
4485.819755,-0.008875008,-0.026536667,-0.016184094
4485.841992,0.00456324,0.011282163,0.00332626
4485.864228,-0.020523974,-0.053677941,-0.015311679
4485.886465,-0.018511032,-0.071513635,-0.024848753
4485.908701,-0.006302916,-0.022659342,-0.007281503
4485.930938,-0.021959126,-0.037810734,-0.005457365
4485.953174,-0.01977844,-0.03554399,-0.02108151
4485.975411,0.000779655,-0.032322828,-0.0009565
4485.997648,-0.020076653,-0.073183867,-0.012734092
4486.019884,-0.0175232,-0.0075676,-0.01497461
4486.042121,-0.013795531,-0.011743181,-0.024472029
4486.064357,-0.019685248,-0.064952008,-0.014697024
4486.086594,-0.023002873,-0.00494295,-0.011960816
4486.108831,-0.031632427,-0.06399759,-0.037340138
4486.131067,-0.026152754,-0.085114097,-0.029270307
4486.153304,-0.010552459,-0.038466897,-0.003811674
4486.17554,-0.004029038,-0.00858167,-0.006706503
4486.197777,-0.030159998,-0.06918724,-0.040056519
4486.220014,0.005979754,0.018977162,0.006835745
4486.24225,-0.024941261,-0.058151777,-0.021953924
4486.264487,-0.036273376,-0.066323985,-0.029250479
4486.286723,-0.011577568,-0.040554687,-0.008887539
4486.30896,-0.026395052,-0.039540618,-0.004148743
